"","Date.Time","TMP_T0","pH_T0","TMP_T4","pH_T4","TMP_T6","pH_T6","TMP_T5","pH_T5","TMP_T1","pH_T1","TMP_T7","pH_T7","TMP_T3","pH_T3","TMP_T2","pH_T2"
"4",2019-08-05 00:00:00,"17.6","7.71","19.0","7.59","18.4","7.32","18.8","7.10","17.6","7.61","19.1","7.77","19.0","7.59","17.7","7.66"
"5",2019-08-05 00:10:00,"17.6","7.72","19.0","7.57","18.4","7.32","18.8","7.09","17.6","7.61","19.1","7.75","19.0","7.57","17.7","7.66"
"6",2019-08-05 00:20:00,"17.6","7.72","19.0","7.59","18.3","7.32","18.7","7.08","17.6","7.61","19.1","7.75","19.0","7.57","17.7","7.66"
"7",2019-08-05 00:30:00,"17.6","7.72","18.9","7.55","18.3","7.31","18.7","7.11","17.6","7.61","19.1","7.75","19.0","7.56","17.7","7.66"
"8",2019-08-05 00:40:00,"17.6","7.72","18.9","7.55","18.3","7.31","18.7","7.08","17.6","7.61","19.1","7.75","19.0","7.57","17.7","7.66"
"9",2019-08-05 00:50:00,"17.6","7.72","18.9","7.62","18.3","7.31","18.7","7.08","17.6","7.61","19.1","7.75","18.9","7.58","17.7","7.66"
"10",2019-08-05 01:00:00,"17.6","7.72","18.9","7.59","18.3","7.31","18.7","7.11","17.5","7.61","19.1","7.78","18.9","7.57","17.7","7.66"
"11",2019-08-05 01:10:00,"17.6","7.72","18.8","7.55","18.3","7.30","18.7","7.08","17.5","7.61","19.1","7.76","18.9","7.56","17.7","7.66"
"12",2019-08-05 01:20:00,"17.6","7.72","18.8","7.55","18.3","7.32","18.7","7.09","17.5","7.62","19.1","7.76","18.8","7.57","17.7","7.66"
"13",2019-08-05 01:30:00,"17.6","7.72","18.8","7.56","18.3","7.32","18.7","7.08","17.5","7.62","19.1","7.76","18.8","7.56","17.7","7.66"
"14",2019-08-05 01:40:00,"17.6","7.72","18.8","7.61","18.3","7.32","18.7","7.10","17.5","7.62","19.1","7.76","18.8","7.56","17.7","7.66"
"15",2019-08-05 01:50:00,"17.6","7.72","18.7","7.58","18.3","7.32","18.7","7.08","17.5","7.62","19.0","7.75","18.8","7.58","17.7","7.66"
"16",2019-08-05 02:00:00,"17.6","7.72","18.7","7.57","18.2","7.32","18.7","7.08","17.4","7.62","19.0","7.75","18.8","7.56","17.6","7.66"
"17",2019-08-05 02:10:00,"17.6","7.72","18.7","7.56","18.2","7.32","18.7","7.10","17.4","7.62","19.0","7.74","18.7","7.57","17.6","7.66"
"18",2019-08-05 02:20:00,"17.5","7.72","18.7","7.55","18.2","7.32","18.7","7.08","17.4","7.62","19.0","7.75","18.7","7.57","17.6","7.66"
"19",2019-08-05 02:30:00,"17.5","7.72","18.7","7.62","18.2","7.32","18.7","7.09","17.4","7.62","19.0","7.74","18.7","7.57","17.6","7.66"
"20",2019-08-05 02:40:00,"17.5","7.72","18.7","7.59","18.2","7.32","18.7","7.11","17.4","7.62","19.0","7.74","18.6","7.57","17.6","7.66"
"21",2019-08-05 02:50:00,"17.5","7.72","18.7","7.57","18.2","7.32","18.6","7.08","17.4","7.62","19.0","7.75","18.6","7.58","17.6","7.66"
"22",2019-08-05 03:00:00,"17.5","7.72","18.6","7.61","18.2","7.33","18.6","7.08","17.3","7.62","19.0","7.75","18.6","7.58","17.6","7.66"
"23",2019-08-05 03:10:00,"17.5","7.72","18.6","7.62","18.2","7.31","18.6","7.08","17.3","7.62","19.0","7.75","18.6","7.58","17.6","7.66"
"24",2019-08-05 03:20:00,"17.5","7.72","18.6","7.59","18.1","7.31","18.6","7.08","17.3","7.62","19.0","7.77","18.5","7.58","17.6","7.66"
"25",2019-08-05 03:30:00,"17.5","7.72","18.6","7.59","18.1","7.31","18.6","7.11","17.3","7.62","18.9","7.77","18.5","7.58","17.6","7.66"
"26",2019-08-05 03:40:00,"17.5","7.72","18.6","7.63","18.1","7.31","18.6","7.08","17.3","7.62","18.9","7.77","18.5","7.57","17.6","7.67"
"27",2019-08-05 03:50:00,"17.5","7.72","18.6","7.61","18.1","7.31","18.6","7.09","17.3","7.62","18.9","7.75","18.5","7.57","17.6","7.67"
"28",2019-08-05 04:00:00,"17.5","7.72","18.6","7.60","18.1","7.31","18.6","7.09","17.3","7.62","18.9","7.75","18.5","7.56","17.6","7.67"
"29",2019-08-05 04:10:00,"17.5","7.72","18.6","7.60","18.1","7.31","18.6","7.08","17.3","7.62","18.9","7.76","18.5","7.56","17.5","7.67"
"30",2019-08-05 04:20:00,"17.5","7.73","18.6","7.61","18.1","7.31","18.6","7.10","17.3","7.62","18.9","7.76","18.5","7.56","17.5","7.67"
"31",2019-08-05 04:30:00,"17.5","7.73","18.5","7.59","18.1","7.31","18.5","7.07","17.3","7.62","18.8","7.75","18.5","7.58","17.5","7.67"
"32",2019-08-05 04:40:00,"17.5","7.73","18.5","7.61","18.1","7.31","18.5","7.10","17.3","7.62","18.8","7.75","18.5","7.57","17.5","7.67"
"33",2019-08-05 04:50:00,"17.5","7.73","18.5","7.62","18.0","7.31","18.5","7.08","17.3","7.62","18.8","7.75","18.5","7.58","17.5","7.67"
"34",2019-08-05 05:00:00,"17.5","7.73","18.5","7.59","18.0","7.31","18.5","7.11","17.3","7.62","18.8","7.74","18.5","7.56","17.5","7.67"
"35",2019-08-05 05:10:00,"17.5","7.73","18.5","7.60","18.0","7.33","18.5","7.08","17.3","7.62","18.8","7.77","18.5","7.56","17.5","7.67"
"36",2019-08-05 05:20:00,"17.5","7.73","18.5","7.56","18.0","7.33","18.5","7.07","17.3","7.62","18.8","7.74","18.4","7.58","17.5","7.67"
"37",2019-08-05 05:30:00,"17.4","7.73","18.5","7.58","18.0","7.33","18.5","7.11","17.3","7.62","18.8","7.72","18.4","7.57","17.5","7.67"
"38",2019-08-05 05:40:00,"17.4","7.73","18.5","7.56","18.0","7.33","18.5","7.09","17.3","7.62","18.8","7.74","18.4","7.58","17.5","7.67"
"39",2019-08-05 05:50:00,"17.4","7.73","18.4","7.62","18.0","7.33","18.5","7.08","17.3","7.62","18.7","7.72","18.4","7.59","17.5","7.67"
"40",2019-08-05 06:00:00,"17.4","7.73","18.4","7.60","18.0","7.33","18.5","7.10","17.2","7.62","18.7","7.75","18.4","7.60","17.5","7.67"
"41",2019-08-05 06:10:00,"17.4","7.73","18.4","7.59","17.9","7.33","18.4","7.08","17.2","7.62","18.7","7.74","18.3","7.63","17.5","7.67"
"42",2019-08-05 06:20:00,"17.4","7.73","18.4","7.57","17.9","7.34","18.4","7.11","17.2","7.62","18.7","7.75","18.3","7.59","17.5","7.67"
"43",2019-08-05 06:30:00,"17.4","7.73","18.4","7.62","17.9","7.34","18.4","7.07","17.2","7.62","18.7","7.75","18.3","7.62","17.5","7.67"
"44",2019-08-05 06:40:00,"17.3","7.73","18.3","7.60","17.9","7.34","18.4","7.10","17.2","7.62","18.7","7.75","18.3","7.61","17.5","7.67"
"45",2019-08-05 06:50:00,"17.3","7.73","18.3","7.63","17.8","7.34","18.3","7.08","17.2","7.62","18.7","7.75","18.3","7.58","17.4","7.67"
"46",2019-08-05 07:00:00,"17.3","7.73","18.3","7.61","17.8","7.34","18.3","7.08","17.2","7.62","18.6","7.75","18.2","7.55","17.4","7.67"
"47",2019-08-05 07:10:00,"17.3","7.73","18.3","7.62","17.8","7.32","18.3","7.11","17.2","7.62","18.6","7.75","18.2","7.56","17.4","7.67"
"48",2019-08-05 07:20:00,"17.3","7.73","18.3","7.60","17.8","7.32","18.3","7.07","17.2","7.62","18.6","7.75","18.2","7.55","17.4","7.67"
"49",2019-08-05 07:30:00,"17.3","7.73","18.2","7.59","17.8","7.32","18.3","7.10","17.2","7.62","18.6","7.75","18.2","7.55","17.4","7.67"
"50",2019-08-05 07:40:00,"17.3","7.73","18.2","7.60","17.8","7.32","18.3","7.09","17.2","7.62","18.6","7.74","18.2","7.55","17.4","7.67"
"51",2019-08-05 07:50:00,"17.3","7.73","18.2","7.60","17.8","7.34","18.3","7.08","17.2","7.62","18.6","7.76","18.1","7.56","17.3","7.67"
"52",2019-08-05 08:00:00,"17.3","7.73","18.2","7.61","17.7","7.34","18.2","7.08","17.2","7.62","18.5","7.75","18.1","7.54","17.3","7.67"
"53",2019-08-05 08:10:00,"17.3","7.73","18.2","7.60","17.7","7.34","18.2","7.09","17.2","7.62","18.5","7.75","18.1","7.59","17.3","7.67"
"54",2019-08-05 08:20:00,"17.3","7.73","18.1","7.57","17.7","7.34","18.2","7.09","17.2","7.62","18.5","7.75","18.1","7.57","17.3","7.67"
"55",2019-08-05 08:30:00,"17.3","7.73","18.1","7.60","17.7","7.34","18.2","7.09","17.2","7.62","18.5","7.75","18.1","7.57","17.3","7.67"
"56",2019-08-05 08:40:00,"17.3","7.73","18.1","7.62","17.7","7.34","18.2","7.08","17.1","7.62","18.5","7.75","18.1","7.57","17.3","7.67"
"57",2019-08-05 08:50:00,"17.3","7.73","18.1","7.61","17.7","7.34","18.2","7.08","17.1","7.62","18.4","7.74","18.1","7.58","17.3","7.67"
"58",2019-08-05 09:00:00,"17.3","7.73","18.1","7.61","17.7","7.34","18.2","7.10","17.1","7.62","18.4","7.73","18.1","7.56","17.3","7.67"
"59",2019-08-05 09:10:00,"17.3","7.73","18.1","7.61","17.7","7.32","18.2","7.08","17.1","7.62","18.4","7.75","18.1","7.53","17.3","7.67"
"60",2019-08-05 09:20:00,"17.3","7.73","18.1","7.63","17.7","7.32","18.1","7.10","17.1","7.62","18.4","7.73","18.0","7.56","17.3","7.67"
"61",2019-08-05 09:30:00,"17.3","7.73","18.1","7.60","17.7","7.32","18.1","7.08","17.1","7.62","18.3","7.74","18.1","7.54","17.3","7.67"
"62",2019-08-05 09:40:00,"17.3","7.73","18.1","7.62","17.7","7.32","18.1","7.09","17.1","7.62","18.3","7.72","18.1","7.55","17.3","7.67"
"63",2019-08-05 09:50:00,"17.2","7.73","18.1","7.60","17.7","7.32","18.1","7.09","17.1","7.62","18.3","7.74","18.1","7.56","17.3","7.67"
"64",2019-08-05 10:00:00,"17.2","7.73","18.1","7.60","17.6","7.32","18.1","7.09","17.1","7.62","18.3","7.73","18.2","7.56","17.3","7.67"
"65",2019-08-05 10:10:00,"17.2","7.73","18.1","7.55","17.6","7.34","18.1","7.08","17.1","7.62","18.3","7.72","18.2","7.56","17.3","7.67"
"66",2019-08-05 10:20:00,"17.2","7.73","18.2","7.60","17.6","7.32","18.1","7.10","17.1","7.62","18.3","7.74","18.2","7.56","17.3","7.67"
"67",2019-08-05 10:30:00,"17.2","7.73","18.1","7.59","17.6","7.32","18.1","7.08","17.1","7.62","18.3","7.72","18.2","7.55","17.3","7.67"
"68",2019-08-05 10:40:00,"17.2","7.73","18.3","7.52","17.6","7.32","18.1","7.11","17.1","7.62","18.3","7.72","18.2","7.56","17.3","7.67"
"69",2019-08-05 10:50:00,"17.2","7.73","18.3","7.54","17.6","7.32","18.1","7.08","17.1","7.62","18.3","7.72","18.2","7.57","17.3","7.67"
"70",2019-08-05 11:00:00,"17.2","7.73","18.3","7.56","17.6","7.31","18.1","7.09","17.1","7.62","18.3","7.73","18.3","7.56","17.3","7.67"
"71",2019-08-05 11:10:00,"17.2","7.73","18.4","7.56","17.6","7.30","18.1","7.08","17.1","7.62","18.3","7.72","18.3","7.57","17.3","7.67"
"72",2019-08-05 11:20:00,"17.2","7.73","18.4","7.63","17.6","7.32","18.1","7.08","17.1","7.62","18.3","7.70","18.3","7.58","17.3","7.67"
"73",2019-08-05 11:30:00,"17.2","7.73","18.4","7.59","17.6","7.32","18.1","7.08","17.1","7.62","18.3","7.71","18.3","7.59","17.3","7.67"
"74",2019-08-05 11:40:00,"17.2","7.73","18.4","7.62","17.6","7.32","18.1","7.07","17.1","7.62","18.3","7.70","18.3","7.59","17.3","7.67"
"75",2019-08-05 11:50:00,"17.2","7.73","18.5","7.64","17.6","7.32","18.1","7.10","17.1","7.62","18.3","7.71","18.3","7.58","17.3","7.67"
"76",2019-08-05 12:00:00,"17.3","7.72","18.5","7.62","17.7","7.32","18.1","7.09","17.1","7.62","18.3","7.69","18.5","7.56","17.3","7.67"
"77",2019-08-05 12:10:00,"17.3","7.72","18.5","7.62","17.7","7.32","18.1","7.08","17.1","7.62","18.3","7.69","18.5","7.59","17.3","7.67"
"78",2019-08-05 12:20:00,"17.3","7.72","18.5","7.61","17.7","7.33","18.1","7.10","17.1","7.62","18.3","7.69","18.5","7.58","17.3","7.67"
"79",2019-08-05 12:30:00,"17.3","7.72","18.5","7.61","17.7","7.30","18.1","7.08","17.1","7.63","18.3","7.69","18.5","7.61","17.3","7.67"
"80",2019-08-05 12:40:00,"17.3","7.72","18.5","7.59","17.7","7.33","18.1","7.11","17.1","7.63","18.4","7.67","18.5","7.60","17.3","7.67"
"81",2019-08-05 12:50:00,"17.3","7.72","18.5","7.62","17.7","7.33","18.1","7.08","17.1","7.63","18.4","7.70","18.5","7.61","17.3","7.67"
"82",2019-08-05 13:00:00,"17.3","7.72","18.6","7.56","17.7","7.33","18.1","7.10","17.1","7.63","18.4","7.68","18.6","7.60","17.3","7.67"
"83",2019-08-05 13:10:00,"17.3","7.78","18.6","7.56","17.7","7.33","18.1","7.07","17.2","7.63","18.4","7.69","18.5","7.60","17.3","7.67"
"84",2019-08-05 13:20:00,"17.3","7.76","18.8","10.1","17.7","7.33","18.1","7.10","17.2","7.64","18.4","7.68","18.7","7.64","17.3","7.70"
"85",2019-08-05 13:30:00,"17.3","7.76","18.6","7.54","17.7","7.33","18.1","7.08","17.2","7.64","18.4","7.69","18.3","7.65","17.3","7.70"
"86",2019-08-05 13:40:00,"17.3","7.76","18.6","7.58","17.8","7.34","18.1","7.10","17.2","7.64","18.5","7.70","18.3","7.66","17.3","7.70"
"87",2019-08-05 13:50:00,"17.3","7.76","18.5","7.58","17.8","7.34","18.1","7.08","17.2","7.64","18.5","7.69","18.4","7.64","17.4","7.70"
"88",2019-08-05 14:00:00,"17.3","7.76","18.5","7.57","17.8","7.32","18.1","7.10","17.2","7.64","18.5","7.70","18.5","7.63","17.4","7.70"
"89",2019-08-05 14:10:00,"17.3","7.76","18.5","7.58","17.8","7.32","18.1","7.09","17.2","7.64","18.5","7.68","18.5","7.63","17.4","7.70"
"90",2019-08-05 14:20:00,"17.4","7.76","18.5","7.57","17.8","7.32","18.2","7.08","17.2","7.64","18.5","7.68","18.5","7.63","17.4","7.70"
"91",2019-08-05 14:30:00,"17.4","7.76","18.6","7.60","17.8","7.32","18.2","7.10","17.2","7.64","18.5","7.70","18.5","7.63","17.4","7.70"
"92",2019-08-05 14:40:00,"17.4","7.76","18.6","7.60","17.9","7.31","18.2","7.08","17.2","7.64","18.5","7.71","18.6","7.65","17.5","7.70"
"93",2019-08-05 14:50:00,"17.4","7.76","18.6","7.58","17.9","7.33","18.2","7.11","17.2","7.64","18.6","7.72","18.6","7.65","17.5","7.70"
"94",2019-08-05 15:00:00,"17.4","7.76","18.6","7.58","18.0","7.33","18.2","7.08","17.2","7.64","18.6","7.73","18.6","7.63","17.5","7.70"
"95",2019-08-05 15:10:00,"17.5","7.76","18.6","7.57","18.0","7.33","18.2","7.08","17.3","7.64","18.6","7.70","18.6","7.63","17.5","7.70"
"96",2019-08-05 15:20:00,"17.5","7.76","18.6","7.59","18.0","7.34","18.3","7.10","17.3","7.64","18.6","7.69","18.6","7.63","17.5","7.70"
"97",2019-08-05 15:30:00,"17.5","7.76","18.7","7.59","18.0","7.34","18.3","7.08","17.3","7.64","18.6","7.71","18.6","7.62","17.5","7.70"
"98",2019-08-05 15:40:00,"17.5","7.76","18.7","7.58","18.1","7.34","18.3","7.09","17.3","7.64","18.7","7.73","18.7","7.62","17.5","7.70"
"99",2019-08-05 15:50:00,"17.5","7.76","18.8","7.62","18.1","7.34","18.3","7.08","17.3","7.64","18.7","7.74","18.7","7.61","17.6","7.70"
"100",2019-08-05 16:00:00,"17.5","7.76","18.8","7.60","18.1","7.34","18.3","7.11","17.3","7.64","18.7","7.72","18.7","7.63","17.6","7.70"
"101",2019-08-05 16:10:00,"17.5","7.76","18.8","7.58","18.1","7.34","18.3","7.08","17.3","7.64","18.7","7.73","18.7","7.64","17.6","7.70"
"102",2019-08-05 16:20:00,"17.5","7.76","19.0","7.58","18.1","7.34","18.4","7.08","17.4","7.64","18.7","7.74","18.8","7.62","17.6","7.70"
"103",2019-08-05 16:30:00,"17.6","7.76","19.0","7.59","18.2","7.32","18.4","7.11","17.4","7.64","18.8","7.74","18.8","7.64","17.6","7.70"
"104",2019-08-05 16:40:00,"17.6","7.76","19.0","7.58","18.2","7.32","18.5","7.10","17.4","7.64","18.8","7.76","18.8","7.62","17.6","7.70"
"105",2019-08-05 16:50:00,"17.6","7.76","19.0","7.56","18.2","7.32","18.5","7.08","17.5","7.64","18.8","7.75","18.8","7.62","17.6","7.70"
"106",2019-08-05 17:00:00,"17.6","7.76","19.0","7.58","18.2","7.32","18.5","7.11","17.5","7.64","18.9","7.77","18.8","7.64","17.7","7.70"
"107",2019-08-05 17:10:00,"17.6","7.76","19.0","7.59","18.3","7.32","18.5","7.08","17.5","7.64","18.9","7.79","18.7","7.64","17.7","7.70"
"108",2019-08-05 17:20:00,"17.6","7.76","19.0","7.59","18.3","7.32","18.5","7.09","17.5","7.64","18.9","7.76","18.7","7.65","17.7","7.70"
"109",2019-08-05 17:30:00,"17.6","7.76","19.0","7.58","18.3","7.32","18.6","7.10","17.5","7.64","19.0","7.76","18.8","7.65","17.7","7.70"
"110",2019-08-05 17:40:00,"17.6","7.76","19.1","7.58","18.3","7.32","18.6","7.08","17.5","7.64","19.0","7.78","18.9","7.63","17.7","7.70"
"111",2019-08-05 17:50:00,"17.7","7.76","19.1","7.57","18.3","7.32","18.6","7.08","17.5","7.64","19.0","7.77","19.0","7.65","17.7","7.70"
"112",2019-08-05 18:00:00,"17.7","7.76","19.1","7.59","18.4","7.32","18.6","7.10","17.5","7.64","19.0","7.76","19.0","7.65","17.7","7.70"
"113",2019-08-05 18:10:00,"17.7","7.76","19.1","7.58","18.4","7.32","18.6","7.10","17.6","7.64","19.0","7.79","19.0","7.62","17.8","7.70"
"114",2019-08-05 18:20:00,"17.7","7.76","19.2","7.58","18.5","7.31","18.7","7.08","17.6","7.64","19.1","7.81","19.0","7.64","17.8","7.70"
"115",2019-08-05 18:30:00,"17.7","7.76","19.2","7.59","18.5","7.35","18.7","7.11","17.6","7.64","19.1","7.78","19.1","7.64","17.8","7.70"
"116",2019-08-05 18:40:00,"17.7","7.76","19.2","7.59","18.5","7.35","18.7","7.08","17.6","7.64","19.1","7.77","19.1","7.64","17.8","7.70"
"117",2019-08-05 18:50:00,"17.7","7.76","19.2","7.59","18.5","7.32","18.7","7.08","17.6","7.64","19.1","7.81","19.0","7.63","17.8","7.70"
"118",2019-08-05 19:00:00,"17.7","7.76","19.3","7.60","18.5","7.32","18.7","7.09","17.6","7.64","19.2","7.80","19.0","7.62","17.8","7.70"
"119",2019-08-05 19:10:00,"17.8","7.76","19.3","7.59","18.6","7.34","18.8","7.10","17.7","7.64","19.2","7.79","19.1","7.62","17.8","7.70"
"120",2019-08-05 19:20:00,"17.8","7.76","19.3","7.59","18.6","7.34","18.8","7.08","17.7","7.64","19.2","7.83","19.1","7.62","17.9","7.70"
"121",2019-08-05 19:30:00,"17.8","7.76","19.4","7.58","18.6","7.32","18.8","7.09","17.7","7.64","19.2","7.81","19.1","7.62","17.9","7.70"
"122",2019-08-05 19:40:00,"17.8","7.76","19.4","7.57","18.6","7.32","18.8","7.08","17.7","7.64","19.3","7.80","19.1","7.62","17.9","7.70"
"123",2019-08-05 19:50:00,"17.8","7.76","19.4","7.56","18.6","7.30","18.9","7.08","17.7","7.64","19.3","7.78","19.1","7.62","18.0","7.70"
"124",2019-08-05 20:00:00,"17.8","7.76","19.4","7.58","18.6","7.32","18.9","7.10","17.7","7.64","19.3","7.78","19.2","7.62","18.0","7.70"
"125",2019-08-05 20:10:00,"17.8","7.76","19.4","7.57","18.7","7.33","18.9","7.07","17.7","7.64","19.3","7.77","19.1","7.63","18.0","7.70"
"126",2019-08-05 20:20:00,"17.9","7.76","19.4","7.58","18.7","7.34","19.0","7.10","17.8","7.64","19.3","7.74","19.2","7.63","18.0","7.70"
"127",2019-08-05 20:30:00,"17.9","7.76","19.4","7.57","18.7","7.34","19.0","7.08","17.8","7.64","19.3","7.74","19.2","7.63","18.0","7.70"
"128",2019-08-05 20:40:00,"17.9","7.76","19.4","7.57","18.7","7.34","19.0","7.09","17.8","7.64","19.4","7.75","19.2","7.63","18.0","7.70"
"129",2019-08-05 20:50:00,"17.9","7.76","19.4","7.58","18.7","7.34","19.0","7.07","17.8","7.64","19.4","7.76","19.2","7.63","18.1","7.70"
"130",2019-08-05 21:00:00,"18.0","7.76","19.4","7.58","18.7","7.34","19.0","7.10","17.8","7.64","19.4","7.78","19.2","7.63","18.1","7.70"
"131",2019-08-05 21:10:00,"18.0","7.76","19.4","7.58","18.7","7.32","19.0","7.09","17.8","7.64","19.5","7.79","19.2","7.64","18.1","7.70"
"132",2019-08-05 21:20:00,"18.0","7.76","19.4","7.57","18.8","7.32","19.1","7.08","17.9","7.64","19.5","7.80","19.1","7.63","18.1","7.70"
"133",2019-08-05 21:30:00,"18.0","7.76","19.4","7.57","18.8","7.30","19.1","7.10","17.9","7.64","19.5","7.79","19.1","7.63","18.1","7.71"
"134",2019-08-05 21:40:00,"18.0","7.76","19.4","7.58","18.8","7.30","19.1","7.08","17.9","7.64","19.5","7.82","19.1","7.63","18.1","7.71"
"135",2019-08-05 21:50:00,"18.0","7.76","19.4","7.58","18.8","7.30","19.1","7.10","17.9","7.64","19.5","7.77","19.1","7.63","18.1","7.71"
"136",2019-08-05 22:00:00,"18.0","7.76","19.4","7.58","18.8","7.30","19.1","7.08","17.9","7.66","19.5","7.77","19.1","7.62","18.1","7.71"
"137",2019-08-05 22:10:00,"18.0","7.77","19.4","7.58","18.8","7.30","19.1","7.08","17.9","7.66","19.5","7.76","19.1","7.64","18.1","7.71"
"138",2019-08-05 22:20:00,"18.0","7.77","19.4","7.59","18.8","7.30","19.1","7.10","17.9","7.66","19.5","7.75","19.1","7.65","18.1","7.71"
"139",2019-08-05 22:30:00,"18.0","7.77","19.4","7.60","18.8","7.30","19.1","7.09","18.0","7.66","19.5","7.75","19.1","7.65","18.1","7.71"
"140",2019-08-05 22:40:00,"18.0","7.77","19.4","7.59","18.8","7.32","19.1","7.08","18.0","7.66","19.5","7.74","19.1","7.65","18.1","7.71"
"141",2019-08-05 22:50:00,"18.0","7.77","19.4","7.59","18.8","7.32","19.1","7.10","18.0","7.66","19.5","7.76","19.1","7.65","18.2","7.73"
"142",2019-08-05 23:00:00,"18.0","7.77","19.3","7.57","18.8","7.33","19.2","7.10","17.9","7.66","19.5","7.74","19.1","7.63","18.1","7.73"
"143",2019-08-05 23:10:00,"18.0","7.77","19.3","7.58","18.8","7.33","19.2","7.08","18.0","7.66","19.5","7.75","19.0","7.65","18.1","7.73"
"144",2019-08-05 23:20:00,"18.0","7.77","19.3","7.58","18.8","7.33","19.2","7.08","18.0","7.67","19.5","7.73","19.0","7.63","18.1","7.73"
"145",2019-08-05 23:30:00,"18.0","7.77","19.3","7.59","18.8","7.33","19.2","7.10","18.0","7.67","19.5","7.73","19.0","7.65","18.1","7.73"
"146",2019-08-05 23:40:00,"18.0","7.79","19.3","7.60","18.8","7.34","19.2","7.08","17.9","7.67","19.5","7.72","19.0","7.66","18.1","7.73"
"147",2019-08-05 23:50:00,"18.0","7.79","19.3","7.59","18.8","7.34","19.2","7.09","17.9","7.67","19.5","7.72","19.0","7.65","18.1","7.73"
"148",2019-08-06 00:00:00,"18.0","7.79","19.3","7.60","18.8","7.34","19.2","7.11","17.9","7.67","19.5","7.77","18.9","7.65","18.1","7.73"
"149",2019-08-06 00:10:00,"18.0","7.79","19.2","7.60","18.8","7.32","19.1","7.10","17.9","7.67","19.5","7.78","19.0","7.65","18.1","7.74"
"150",2019-08-06 00:20:00,"18.0","7.79","19.2","7.60","18.8","7.31","19.2","7.08","17.9","7.67","19.5","7.76","18.9","7.65","18.1","7.74"
"151",2019-08-06 00:30:00,"18.0","7.79","19.2","7.60","18.8","7.31","19.1","7.09","17.9","7.67","19.5","7.74","18.9","7.65","18.1","7.74"
"152",2019-08-06 00:40:00,"18.0","7.79","19.2","7.60","18.8","7.31","19.1","7.09","17.9","7.67","19.5","7.73","18.9","7.65","18.1","7.74"
"153",2019-08-06 00:50:00,"18.0","7.79","19.2","7.61","18.7","7.31","19.1","7.08","17.8","7.67","19.5","7.77","19.0","7.65","18.1","7.74"
"154",2019-08-06 01:00:00,"18.0","7.79","19.2","7.61","18.7","7.30","19.1","7.08","17.8","7.67","19.5","7.80","18.9","7.65","18.1","7.74"
"155",2019-08-06 01:10:00,"18.0","7.79","19.2","7.62","18.7","7.30","19.1","7.08","17.8","7.67","19.5","7.76","18.9","7.67","18.1","7.74"
"156",2019-08-06 01:20:00,"18.0","7.79","19.1","7.62","18.7","7.30","19.1","7.08","17.8","7.68","19.5","7.77","18.9","7.67","18.1","7.74"
"157",2019-08-06 01:30:00,"18.0","7.79","19.1","7.62","18.7","7.30","19.1","7.08","17.8","7.68","19.5","7.78","18.8","7.67","18.1","7.74"
"158",2019-08-06 01:40:00,"18.0","7.79","19.1","7.62","18.7","7.28","19.1","7.10","17.8","7.68","19.5","7.79","18.8","7.65","18.1","7.74"
"159",2019-08-06 01:50:00,"17.9","7.79","19.1","7.64","18.7","7.31","19.1","7.07","17.8","7.68","19.5","7.78","18.9","7.66","18.1","7.74"
"160",2019-08-06 02:00:00,"17.9","7.79","19.1","7.63","18.7","7.31","19.1","7.11","17.8","7.68","19.4","7.78","18.8","7.67","18.0","7.74"
"161",2019-08-06 02:10:00,"17.9","7.80","19.1","7.61","18.7","7.32","19.1","7.08","17.8","7.68","19.4","7.78","18.7","7.65","18.0","7.74"
"162",2019-08-06 02:20:00,"17.9","7.80","19.1","7.61","18.7","7.30","19.1","7.07","17.8","7.68","19.4","7.79","18.7","7.65","18.0","7.74"
"163",2019-08-06 02:30:00,"17.9","7.80","19.1","7.63","18.6","7.30","19.1","7.10","17.8","7.68","19.4","7.77","18.7","7.65","18.0","7.74"
"164",2019-08-06 02:40:00,"17.9","7.79","19.1","7.61","18.6","7.30","19.1","7.07","17.8","7.68","19.4","7.77","18.7","7.65","18.0","7.74"
"165",2019-08-06 02:50:00,"17.9","7.79","19.1","7.62","18.6","7.30","19.1","7.11","17.7","7.68","19.4","7.75","18.7","7.65","18.0","7.74"
"166",2019-08-06 03:00:00,"17.8","7.79","19.0","7.63","18.6","7.30","19.0","7.08","17.7","7.68","19.3","7.76","18.7","7.65","18.0","7.74"
"167",2019-08-06 03:10:00,"17.8","7.79","19.0","7.62","18.6","7.30","19.0","7.09","17.7","7.68","19.3","7.75","18.6","7.67","18.0","7.74"
"168",2019-08-06 03:20:00,"17.8","7.79","19.0","7.63","18.6","7.30","19.0","7.09","17.7","7.68","19.3","7.78","18.6","7.65","18.0","7.74"
"169",2019-08-06 03:30:00,"17.8","7.79","19.0","7.62","18.6","7.30","19.0","7.08","17.7","7.68","19.3","7.79","18.6","7.65","18.0","7.74"
"170",2019-08-06 03:40:00,"17.8","7.79","19.0","7.61","18.6","7.30","19.0","7.11","17.7","7.68","19.2","7.80","18.6","7.65","18.0","7.74"
"171",2019-08-06 03:50:00,"17.8","7.79","19.0","7.63","18.5","7.30","19.0","7.09","17.7","7.68","19.2","7.77","18.6","7.65","18.0","7.75"
"172",2019-08-06 04:00:00,"17.8","7.79","19.0","7.63","18.5","7.30","19.0","7.07","17.7","7.68","19.2","7.77","18.6","7.64","17.8","7.75"
"173",2019-08-06 04:10:00,"17.8","7.79","19.0","7.63","18.5","7.30","19.0","7.10","17.7","7.68","19.2","7.78","18.6","7.66","17.8","7.75"
"174",2019-08-06 04:20:00,"17.8","7.79","18.9","7.65","18.5","7.30","19.0","7.08","17.7","7.68","19.2","7.78","18.6","7.66","17.8","7.75"
"175",2019-08-06 04:30:00,"17.8","7.79","18.9","7.65","18.5","7.32","19.0","7.11","17.7","7.68","19.2","7.77","18.6","7.66","17.8","7.75"
"176",2019-08-06 04:40:00,"17.8","7.79","18.9","7.62","18.5","7.33","19.0","7.08","17.7","7.68","19.2","7.82","18.6","7.66","17.8","7.75"
"177",2019-08-06 04:50:00,"17.8","7.79","18.8","7.63","18.5","7.35","18.9","7.09","17.7","7.68","19.2","7.81","18.6","7.66","17.8","7.75"
"178",2019-08-06 05:00:00,"17.8","7.79","18.8","7.61","18.5","7.33","18.9","7.11","17.7","7.68","19.2","7.80","18.5","7.66","17.8","7.75"
"179",2019-08-06 05:10:00,"17.8","7.79","18.8","7.61","18.4","7.33","18.9","7.10","17.7","7.68","19.2","7.79","18.5","7.64","17.8","7.75"
"180",2019-08-06 05:20:00,"17.8","7.79","18.8","7.62","18.4","7.31","18.9","7.08","17.7","7.68","19.2","7.81","18.5","7.66","17.8","7.75"
"181",2019-08-06 05:30:00,"17.8","7.79","18.8","7.59","18.4","7.33","18.9","7.10","17.6","7.68","19.1","7.81","18.5","7.66","17.8","7.75"
"182",2019-08-06 05:40:00,"17.7","7.79","18.8","7.59","18.4","7.31","18.8","7.10","17.6","7.68","19.1","7.82","18.5","7.66","17.8","7.75"
"183",2019-08-06 05:50:00,"17.7","7.79","18.8","7.63","18.4","7.33","18.8","7.08","17.6","7.68","19.1","7.81","18.5","7.67","17.8","7.75"
"184",2019-08-06 06:00:00,"17.7","7.79","18.8","7.61","18.3","7.33","18.8","7.09","17.6","7.68","19.1","7.80","18.5","7.68","17.8","7.75"
"185",2019-08-06 06:10:00,"17.7","7.80","18.8","7.61","18.3","7.31","18.8","7.09","17.6","7.68","19.1","7.79","18.5","7.66","17.8","7.75"
"186",2019-08-06 06:20:00,"17.7","7.79","18.8","7.61","18.3","7.33","18.8","7.08","17.6","7.68","19.1","7.78","18.5","7.65","17.7","7.75"
"187",2019-08-06 06:30:00,"17.7","7.79","18.7","7.61","18.3","7.33","18.8","7.11","17.6","7.68","19.1","7.77","18.5","7.66","17.7","7.75"
"188",2019-08-06 06:40:00,"17.7","7.79","18.7","7.61","18.3","7.31","18.8","7.08","17.6","7.68","19.1","7.79","18.5","7.66","17.7","7.75"
"189",2019-08-06 06:50:00,"17.7","7.79","18.7","7.62","18.3","7.33","18.8","7.11","17.6","7.68","19.0","7.79","18.5","7.66","17.7","7.75"
"190",2019-08-06 07:00:00,"17.7","7.79","18.7","7.62","18.3","7.34","18.8","7.10","17.6","7.68","19.0","7.80","18.5","7.64","17.7","7.75"
"191",2019-08-06 07:10:00,"17.7","7.79","18.7","7.61","18.3","7.31","18.8","7.08","17.6","7.68","19.0","7.81","18.5","7.66","17.7","7.75"
"192",2019-08-06 07:20:00,"17.7","7.79","18.7","7.63","18.3","7.31","18.7","7.10","17.6","7.68","19.0","7.80","18.5","7.66","17.7","7.75"
"193",2019-08-06 07:30:00,"17.7","7.79","18.6","7.64","18.2","7.31","18.7","7.07","17.6","7.68","19.0","7.78","18.4","7.67","17.7","7.75"
"194",2019-08-06 07:40:00,"17.7","7.79","18.6","7.61","18.2","7.31","18.7","7.10","17.6","7.68","19.0","7.77","18.4","7.65","17.7","7.75"
"195",2019-08-06 07:50:00,"17.7","7.79","18.6","7.63","18.2","7.33","18.7","7.08","17.6","7.68","19.0","7.77","18.4","7.66","17.7","7.75"
"196",2019-08-06 08:00:00,"17.7","7.79","18.6","7.63","18.2","7.34","18.7","7.08","17.6","7.68","19.0","7.77","18.3","7.67","17.7","7.75"
"197",2019-08-06 08:10:00,"17.7","7.79","18.6","7.62","18.2","7.36","18.7","7.11","17.6","7.68","19.0","7.77","18.3","7.65","17.7","7.75"
"198",2019-08-06 08:20:00,"17.7","7.79","18.6","7.64","18.2","7.33","18.7","7.08","17.6","7.68","19.0","7.80","18.3","7.67","17.7","7.75"
"199",2019-08-06 08:30:00,"17.7","7.79","18.6","7.64","18.2","7.36","18.7","7.09","17.6","7.68","18.9","7.80","18.3","7.67","17.7","7.75"
"200",2019-08-06 08:40:00,"17.6","7.79","18.6","7.64","18.2","7.36","18.7","7.09","17.5","7.68","18.9","7.80","18.3","7.67","17.7","7.75"
"201",2019-08-06 08:50:00,"17.6","7.79","18.5","7.64","18.2","7.37","18.7","7.09","17.5","7.68","18.9","7.81","18.2","7.67","17.7","7.75"
"202",2019-08-06 09:00:00,"17.6","7.79","18.5","7.64","18.2","7.37","18.6","7.10","17.5","7.68","18.9","7.80","18.2","7.65","17.7","7.75"
"203",2019-08-06 09:10:00,"17.6","7.79","18.5","7.63","18.2","7.37","18.6","7.08","17.5","7.68","18.9","7.81","18.3","7.65","17.7","7.75"
"204",2019-08-06 09:20:00,"17.6","7.79","18.5","7.63","18.1","7.37","18.6","7.11","17.5","7.68","18.9","7.82","18.2","7.65","17.7","7.75"
"205",2019-08-06 09:30:00,"17.6","7.79","18.5","7.64","18.1","7.38","18.6","7.07","17.5","7.68","18.9","7.83","18.2","7.65","17.7","7.75"
"206",2019-08-06 09:40:00,"17.6","7.79","18.5","7.62","18.1","7.36","18.6","7.09","17.5","7.68","18.9","7.84","18.2","7.70","17.7","7.75"
"207",2019-08-06 09:50:00,"17.6","7.79","18.4","7.65","18.1","7.34","18.6","7.11","17.5","7.68","18.8","7.86","18.2","7.66","17.7","7.75"
"208",2019-08-06 10:00:00,"17.6","7.79","18.3","7.63","18.1","7.37","18.6","7.09","17.5","7.68","18.8","7.84","18.1","7.69","17.7","7.75"
"209",2019-08-06 10:10:00,"17.6","7.79","18.3","7.63","18.1","7.37","18.6","7.08","17.5","7.68","18.8","7.83","18.1","7.69","17.6","7.75"
"210",2019-08-06 10:20:00,"17.6","7.80","18.3","7.65","18.1","7.37","18.6","7.10","17.5","7.68","18.8","7.83","18.1","7.67","17.6","7.75"
"211",2019-08-06 10:30:00,"17.6","7.79","18.3","7.63","18.1","7.37","18.5","7.07","17.5","7.68","18.7","7.82","18.1","7.69","17.6","7.75"
"212",2019-08-06 10:40:00,"17.6","7.80","18.2","7.66","18.1","7.37","18.5","7.10","17.5","7.68","18.7","7.83","18.0","7.70","17.6","7.75"
"213",2019-08-06 10:50:00,"17.6","7.80","18.2","7.64","18.1","7.39","18.5","7.09","17.5","7.68","18.7","7.84","18.0","7.70","17.6","7.75"
"214",2019-08-06 11:00:00,"17.6","7.80","18.2","7.63","18.0","7.37","18.5","7.08","17.5","7.68","18.7","7.84","18.0","7.68","17.6","7.75"
"215",2019-08-06 11:10:00,"17.6","7.80","18.2","7.61","18.0","7.36","18.5","7.10","17.5","7.68","18.7","7.83","17.9","7.66","17.6","7.75"
"216",2019-08-06 11:20:00,"17.6","7.80","18.2","7.63","18.0","7.34","18.5","7.09","17.5","7.68","18.7","7.83","18.0","7.66","17.6","7.75"
"217",2019-08-06 11:30:00,"17.6","7.80","18.3","7.64","18.0","7.33","18.5","7.11","17.5","7.68","18.6","7.85","18.1","7.65","17.6","7.75"
"218",2019-08-06 11:40:00,"17.6","7.80","18.2","7.65","18.0","7.35","18.4","7.08","17.4","7.68","18.6","7.83","18.1","7.65","17.6","7.75"
"219",2019-08-06 11:50:00,"17.6","7.80","18.2","7.68","18.0","7.35","18.4","7.08","17.4","7.68","18.6","7.84","18.1","7.66","17.6","7.75"
"220",2019-08-06 12:00:00,"17.6","7.80","18.2","7.68","18.0","7.36","18.4","7.10","17.4","7.68","18.6","7.82","18.1","7.67","17.6","7.75"
"221",2019-08-06 12:10:00,"17.6","7.80","18.3","7.65","18.0","7.34","18.4","7.09","17.4","7.68","18.6","7.83","18.1","7.65","17.6","7.75"
"222",2019-08-06 12:20:00,"17.6","7.80","18.3","7.65","18.0","7.36","18.4","7.08","17.4","7.69","18.6","7.83","18.2","7.65","17.6","7.75"
"223",2019-08-06 12:30:00,"17.6","7.80","18.4","7.61","18.0","7.37","18.4","7.10","17.4","7.69","18.6","7.83","18.2","7.65","17.6","7.75"
"224",2019-08-06 12:40:00,"17.6","7.80","18.4","7.64","18.0","7.37","18.4","7.08","17.4","7.69","18.6","7.82","18.2","7.65","17.6","7.76"
"225",2019-08-06 12:50:00,"17.6","7.80","18.5","7.65","18.0","7.36","18.4","7.09","17.4","7.69","18.6","7.82","18.2","7.65","17.6","7.76"
"226",2019-08-06 13:00:00,"17.6","7.80","18.5","7.62","18.0","7.38","18.4","7.08","17.4","7.69","18.6","7.83","18.3","7.65","17.6","7.76"
"227",2019-08-06 13:10:00,"17.6","7.81","18.5","7.63","18.0","7.36","18.3","7.07","17.4","7.69","18.6","7.82","18.4","7.67","17.6","7.76"
"228",2019-08-06 13:20:00,"17.6","7.81","18.5","7.63","18.0","7.35","18.4","7.11","17.5","7.69","18.6","7.82","18.6","7.70","17.6","7.76"
"229",2019-08-06 13:30:00,"17.6","7.81","18.5","7.64","18.0","7.35","18.4","7.07","17.5","7.69","18.6","7.82","18.6","7.70","17.6","7.76"
"230",2019-08-06 13:40:00,"17.6","7.81","18.6","7.64","18.0","7.34","18.4","7.11","17.5","7.69","18.6","7.80","18.7","7.73","17.6","7.76"
"231",2019-08-06 13:50:00,"17.6","7.81","18.6","7.63","18.0","7.36","18.4","7.08","17.5","7.69","18.6","7.81","18.7","7.70","17.7","7.76"
"232",2019-08-06 14:00:00,"17.6","7.81","18.6","7.63","18.1","7.36","18.4","7.08","17.5","7.69","18.6","7.82","18.8","7.69","17.7","7.76"
"233",2019-08-06 14:10:00,"17.6","7.81","18.7","7.62","18.1","7.36","18.4","7.10","17.5","7.69","18.6","7.82","18.7","7.67","17.7","7.76"
"234",2019-08-06 14:20:00,"17.6","7.81","18.7","7.62","18.1","7.34","18.4","7.08","17.5","7.69","18.7","7.81","18.7","7.69","17.7","7.76"
"235",2019-08-06 14:30:00,"17.6","7.81","18.8","7.62","18.1","7.34","18.4","7.11","17.5","7.70","18.7","7.82","18.7","7.67","17.7","7.76"
"236",2019-08-06 14:40:00,"17.7","7.81","18.8","7.63","18.1","7.36","18.4","7.07","17.5","7.69","18.7","7.81","18.8","7.66","17.7","7.76"
"237",2019-08-06 14:50:00,"17.7","7.81","18.8","7.64","18.1","7.36","18.5","7.11","17.5","7.69","18.7","7.81","18.8","7.65","17.7","7.76"
"238",2019-08-06 15:00:00,"17.7","7.81","18.9","7.63","18.1","7.33","18.5","7.08","17.5","7.69","18.7","7.81","18.8","7.70","17.7","7.77"
"239",2019-08-06 15:10:00,"17.7","7.81","18.9","7.62","18.2","7.36","18.5","7.09","17.6","7.70","18.7","7.80","18.8","7.69","17.7","7.77"
"240",2019-08-06 15:20:00,"17.7","7.81","19.0","7.61","18.2","7.36","18.5","7.09","17.6","7.70","18.8","7.81","18.8","7.70","17.7","7.77"
"241",2019-08-06 15:30:00,"17.7","7.81","19.0","7.59","18.2","7.36","18.5","7.08","17.6","7.70","18.8","7.79","18.9","7.71","17.8","7.77"
"242",2019-08-06 15:40:00,"17.7","7.81","19.0","7.62","18.2","7.34","18.5","7.11","17.6","7.70","18.8","7.79","19.0","7.68","17.8","7.77"
"243",2019-08-06 15:50:00,"17.7","7.81","19.0","7.63","18.2","7.33","18.5","7.08","17.6","7.70","18.8","7.81","19.0","7.71","17.8","7.77"
"244",2019-08-06 16:00:00,"17.8","7.81","19.0","7.64","18.2","7.33","18.5","7.08","17.6","7.70","18.8","7.80","19.0","7.70","17.8","7.77"
"245",2019-08-06 16:10:00,"17.8","7.81","19.0","7.64","18.3","7.33","18.5","7.09","17.6","7.70","18.8","7.81","19.0","7.71","17.8","7.77"
"246",2019-08-06 16:20:00,"17.8","7.81","19.1","7.62","18.3","7.33","18.6","7.09","17.7","7.70","18.9","7.81","19.0","7.69","17.8","7.77"
"247",2019-08-06 16:30:00,"17.8","7.81","19.3","7.54","18.3","7.32","18.6","7.07","17.7","7.70","18.9","7.81","19.0","7.69","17.8","7.77"
"248",2019-08-06 16:40:00,"17.8","7.81","19.5","7.50","18.3","7.34","18.6","7.10","17.7","7.70","18.9","7.82","19.3","7.71","17.9","7.77"
"249",2019-08-06 16:50:00,"17.8","7.81","19.5","7.42","18.3","7.34","18.6","7.12","17.7","7.71","18.9","7.81","19.5","7.70","17.9","7.77"
"250",2019-08-06 17:00:00,"17.9","7.81","19.7","7.37","18.3","7.34","18.6","7.07","17.7","7.70","19.0","7.82","19.3","7.64","17.9","7.77"
"251",2019-08-06 17:10:00,"17.9","7.81","19.7","7.35","18.4","7.36","18.6","7.10","17.8","7.70","19.0","7.79","19.3","7.69","17.9","7.77"
"252",2019-08-06 17:20:00,"18.0","7.81","19.8","7.26","18.4","7.36","18.6","7.09","17.8","7.70","19.0","7.79","19.3","7.74","18.0","7.77"
"253",2019-08-06 17:30:00,"18.0","7.81","19.8","7.67","18.4","7.36","18.6","7.08","17.8","7.70","19.0","7.79","19.3","7.67","18.0","7.77"
"254",2019-08-06 17:40:00,"18.0","7.81","20.1","7.81","18.5","7.37","18.7","7.10","17.8","7.70","19.0","7.76","19.2","7.71","18.0","7.77"
"255",2019-08-06 17:50:00,"18.0","7.81","20.0","7.67","18.5","7.35","18.7","7.08","17.8","7.70","19.1","7.74","19.2","7.72","18.0","7.77"
"256",2019-08-06 18:00:00,"18.0","7.81","19.5","7.39","18.5","7.33","18.7","7.11","17.8","7.70","19.1","7.80","19.2","7.72","18.0","7.77"
"257",2019-08-06 18:10:00,"18.0","7.81","19.5","7.33","18.5","7.33","18.7","7.08","17.8","7.70","19.1","7.78","19.2","7.74","18.0","7.77"
"258",2019-08-06 18:20:00,"18.0","7.81","19.5","7.31","18.5","7.32","18.7","7.09","17.9","7.70","19.1","7.76","19.2","7.71","18.0","7.77"
"259",2019-08-06 18:30:00,"18.0","7.81","19.5","7.30","18.5","7.32","18.7","7.08","17.9","7.70","19.1","7.76","19.0","7.77","18.1","7.77"
"260",2019-08-06 18:40:00,"18.0","7.81","19.5","7.28","18.6","7.32","18.7","7.08","17.9","7.70","19.1","7.76","19.0","7.78","18.1","7.77"
"261",2019-08-06 18:50:00,"18.1","7.81","19.5","7.25","18.6","7.32","18.8","7.08","17.9","7.70","19.1","7.76","18.9","7.78","18.1","7.77"
"262",2019-08-06 19:00:00,"18.1","7.81","19.5","7.21","18.6","7.32","18.8","7.10","18.0","7.70","19.2","7.77","18.9","7.77","18.1","7.77"
"263",2019-08-06 19:10:00,"18.1","7.81","19.5","7.23","18.6","7.32","18.8","7.08","18.0","7.70","19.2","7.76","19.0","7.76","18.1","7.77"
"264",2019-08-06 19:20:00,"18.1","7.81","19.5","7.24","18.6","7.32","18.8","7.11","18.0","7.69","19.2","7.78","19.0","7.77","18.1","7.75"
"265",2019-08-06 19:30:00,"18.1","7.81","19.6","7.22","18.6","7.34","18.8","7.09","18.0","7.69","19.2","7.76","19.0","7.78","18.1","7.75"
"266",2019-08-06 19:40:00,"18.1","7.81","19.6","7.21","18.6","7.36","18.8","7.08","18.0","7.69","19.2","7.76","19.0","7.78","18.1","7.75"
"267",2019-08-06 19:50:00,"18.1","7.81","19.6","7.21","18.7","7.31","18.8","7.11","18.0","7.69","19.3","7.76","19.0","7.77","18.2","7.75"
"268",2019-08-06 20:00:00,"18.1","7.81","19.6","7.20","18.7","7.32","18.9","7.08","18.0","7.68","19.3","7.77","19.0","7.77","18.2","7.75"
"269",2019-08-06 20:10:00,"18.1","7.81","19.6","7.20","18.7","7.32","18.9","7.09","18.0","7.68","19.3","7.78","19.0","7.77","18.2","7.75"
"270",2019-08-06 20:20:00,"18.2","7.81","19.6","7.17","18.7","7.32","18.9","7.11","18.1","7.68","19.3","7.79","19.0","7.77","18.2","7.75"
"271",2019-08-06 20:30:00,"18.2","7.81","19.6","7.18","18.7","7.33","19.0","7.09","18.1","7.68","19.3","7.79","19.0","7.77","18.2","7.75"
"272",2019-08-06 20:40:00,"18.2","7.80","19.6","7.16","18.7","7.33","19.0","7.09","18.1","7.68","19.3","7.78","19.0","7.77","18.2","7.75"
"273",2019-08-06 20:50:00,"18.2","7.80","19.6","7.16","18.7","7.31","19.0","7.07","18.1","7.68","19.3","7.78","19.1","7.77","18.2","7.75"
"274",2019-08-06 21:00:00,"18.2","7.80","19.7","7.15","18.7","7.31","19.0","7.10","18.1","7.68","19.3","7.78","19.1","7.77","18.3","7.75"
"275",2019-08-06 21:10:00,"18.2","7.80","19.7","7.14","18.8","7.34","19.0","7.08","18.1","7.68","19.3","7.76","19.1","7.77","18.3","7.75"
"276",2019-08-06 21:20:00,"18.2","7.80","19.7","7.13","18.8","7.34","19.0","7.08","18.1","7.69","19.4","7.77","19.1","7.77","18.3","7.75"
"277",2019-08-06 21:30:00,"18.2","7.80","19.7","7.14","18.8","7.32","19.0","7.10","18.2","7.70","19.4","7.76","19.2","7.78","18.3","7.75"
"278",2019-08-06 21:40:00,"18.3","7.80","19.7","7.12","18.8","7.32","19.1","7.07","18.2","7.69","19.4","7.76","19.1","7.77","18.3","7.75"
"279",2019-08-06 21:50:00,"18.3","7.80","19.7","7.12","18.8","7.31","19.1","7.10","18.2","7.69","19.4","7.77","19.1","7.77","18.3","7.75"
"280",2019-08-06 22:00:00,"18.3","7.80","19.7","7.14","18.8","7.30","19.1","7.08","18.2","7.69","19.5","7.77","19.1","7.77","18.3","7.75"
"281",2019-08-06 22:10:00,"18.3","7.80","19.7","7.14","18.8","7.31","19.1","7.10","18.2","7.69","19.5","7.74","19.1","7.77","18.3","7.75"
"282",2019-08-06 22:20:00,"18.3","7.80","19.7","7.14","18.8","7.33","19.1","7.07","18.2","7.69","19.5","7.75","19.1","7.78","18.4","7.75"
"283",2019-08-06 22:30:00,"18.3","7.80","19.7","7.14","18.8","7.33","19.1","7.10","18.2","7.69","19.5","7.75","19.2","7.78","18.4","7.75"
"284",2019-08-06 22:40:00,"18.3","7.80","19.7","7.14","18.8","7.31","19.1","7.10","18.2","7.69","19.5","7.74","19.1","7.78","18.4","7.75"
"285",2019-08-06 22:50:00,"18.3","7.80","19.7","7.13","18.8","7.31","19.1","7.09","18.2","7.69","19.5","7.73","19.1","7.78","18.4","7.75"
"286",2019-08-06 23:00:00,"18.3","7.80","19.7","7.13","18.8","7.30","19.1","7.09","18.2","7.69","19.5","7.74","19.1","7.76","18.4","7.75"
"287",2019-08-06 23:10:00,"18.3","7.80","19.7","7.13","18.9","7.32","19.1","7.11","18.2","7.69","19.5","7.73","19.1","7.76","18.4","7.75"
"288",2019-08-06 23:20:00,"18.3","7.80","19.7","7.14","18.9","7.30","19.1","7.07","18.2","7.69","19.5","7.74","19.1","7.76","18.4","7.75"
"289",2019-08-06 23:30:00,"18.3","7.80","19.7","7.13","18.9","7.30","19.1","7.11","18.2","7.69","19.5","7.74","19.1","7.77","18.4","7.75"
"290",2019-08-06 23:40:00,"18.3","7.80","19.7","7.13","18.9","7.32","19.2","7.08","18.2","7.69","19.5","7.76","19.1","7.74","18.4","7.75"
"291",2019-08-06 23:50:00,"18.3","7.80","19.7","7.14","18.9","7.33","19.2","7.09","18.2","7.69","19.5","7.75","19.1","7.76","18.4","7.75"
"292",2019-08-07 00:00:00,"18.3","7.80","19.7","7.14","18.8","7.31","19.2","7.08","18.2","7.69","19.5","7.77","19.1","7.76","18.4","7.75"
"293",2019-08-07 00:10:00,"18.3","7.80","19.7","7.14","18.8","7.31","19.2","7.08","18.2","7.70","19.5","7.74","19.1","7.77","18.4","7.75"
"294",2019-08-07 00:20:00,"18.3","7.80","19.7","7.14","18.8","7.31","19.2","7.08","18.2","7.70","19.5","7.77","19.1","7.78","18.4","7.75"
"295",2019-08-07 00:30:00,"18.3","7.81","19.7","7.13","18.8","7.31","19.2","7.07","18.2","7.70","19.5","7.76","19.1","7.77","18.4","7.75"
"296",2019-08-07 00:40:00,"18.3","7.81","19.6","7.13","18.8","7.31","19.2","7.10","18.2","7.70","19.5","7.78","19.1","7.78","18.4","7.75"
"297",2019-08-07 00:50:00,"18.3","7.81","19.6","7.13","18.8","7.31","19.2","7.08","18.2","7.70","19.5","7.77","19.1","7.74","18.4","7.75"
"298",2019-08-07 01:00:00,"18.3","7.81","19.6","7.14","18.8","7.31","19.1","7.10","18.2","7.70","19.5","7.77","19.1","7.73","18.4","7.75"
"299",2019-08-07 01:10:00,"18.3","7.81","19.6","7.14","18.8","7.31","19.1","7.08","18.2","7.70","19.5","7.76","19.1","7.75","18.4","7.77"
"300",2019-08-07 01:20:00,"18.3","7.81","19.6","7.14","18.8","7.31","19.1","7.09","18.2","7.70","19.5","7.74","19.0","7.76","18.4","7.77"
"301",2019-08-07 01:30:00,"18.3","7.81","19.6","7.14","18.8","7.31","19.1","7.09","18.2","7.70","19.4","7.75","19.0","7.76","18.4","7.77"
"302",2019-08-07 01:40:00,"18.3","7.81","19.6","7.13","18.7","7.33","19.1","7.08","18.2","7.70","19.4","7.75","19.0","7.76","18.4","7.77"
"303",2019-08-07 01:50:00,"18.3","7.81","19.5","7.14","18.7","7.33","19.1","7.10","18.2","7.70","19.4","7.75","19.0","7.76","18.4","7.77"
"304",2019-08-07 02:00:00,"18.3","7.81","19.5","7.14","18.7","7.33","19.1","7.07","18.2","7.70","19.4","7.75","19.0","7.73","18.3","7.77"
"305",2019-08-07 02:10:00,"18.3","7.81","19.5","7.14","18.7","7.33","19.1","7.11","18.2","7.70","19.4","7.76","19.0","7.75","18.3","7.77"
"306",2019-08-07 02:20:00,"18.3","7.81","19.5","7.13","18.7","7.33","19.1","7.08","18.2","7.70","19.4","7.73","19.0","7.76","18.3","7.77"
"307",2019-08-07 02:30:00,"18.3","7.81","19.5","7.12","18.7","7.31","19.1","7.08","18.2","7.70","19.4","7.77","18.9","7.78","18.3","7.77"
"308",2019-08-07 02:40:00,"18.3","7.81","19.5","7.11","18.7","7.33","19.1","7.09","18.2","7.70","19.4","7.78","18.9","7.77","18.3","7.77"
"309",2019-08-07 02:50:00,"18.3","7.81","19.5","7.10","18.7","7.33","19.1","7.09","18.2","7.70","19.4","7.77","18.9","7.76","18.3","7.77"
"310",2019-08-07 03:00:00,"18.2","7.81","19.5","7.10","18.7","7.33","19.1","7.10","18.1","7.70","19.3","7.75","18.9","7.74","18.3","7.77"
"311",2019-08-07 03:10:00,"18.2","7.81","19.5","7.12","18.7","7.33","19.1","7.09","18.1","7.70","19.3","7.78","18.8","7.74","18.3","7.77"
"312",2019-08-07 03:20:00,"18.2","7.81","19.4","7.12","18.7","7.33","19.1","7.09","18.1","7.70","19.3","7.75","18.8","7.73","18.3","7.77"
"313",2019-08-07 03:30:00,"18.2","7.81","19.4","7.12","18.6","7.33","19.1","7.08","18.1","7.70","19.3","7.75","18.8","7.76","18.3","7.77"
"314",2019-08-07 03:40:00,"18.2","7.81","19.4","7.12","18.6","7.33","19.1","7.09","18.1","7.70","19.3","7.77","18.8","7.74","18.3","7.77"
"315",2019-08-07 03:50:00,"18.2","7.81","19.3","7.12","18.6","7.31","19.1","7.10","18.1","7.70","19.3","7.77","18.8","7.75","18.3","7.77"
"316",2019-08-07 04:00:00,"18.2","7.81","19.3","7.12","18.6","7.33","19.0","7.07","18.1","7.70","19.3","7.77","18.8","7.74","18.3","7.77"
"317",2019-08-07 04:10:00,"18.2","7.81","19.3","7.12","18.6","7.34","19.0","7.10","18.1","7.70","19.3","7.79","18.8","7.74","18.3","7.77"
"318",2019-08-07 04:20:00,"18.2","7.81","19.3","7.12","18.6","7.34","19.0","7.08","18.1","7.70","19.3","7.80","18.7","7.74","18.2","7.77"
"319",2019-08-07 04:30:00,"18.2","7.81","19.3","7.10","18.6","7.34","19.0","7.10","18.1","7.70","19.3","7.78","18.7","7.75","18.2","7.77"
"320",2019-08-07 04:40:00,"18.2","7.81","19.3","7.10","18.6","7.34","19.0","7.08","18.1","7.70","19.3","7.78","18.7","7.76","18.2","7.77"
"321",2019-08-07 04:50:00,"18.2","7.81","19.3","7.10","18.6","7.34","19.0","7.10","18.1","7.70","19.2","7.77","18.7","7.77","18.2","7.77"
"322",2019-08-07 05:00:00,"18.2","7.81","19.3","7.10","18.5","7.33","19.0","7.08","18.1","7.70","19.2","7.75","18.7","7.76","18.2","7.77"
"323",2019-08-07 05:10:00,"18.2","7.81","19.3","7.14","18.5","7.31","19.0","7.11","18.1","7.70","19.2","7.75","18.7","7.76","18.2","7.77"
"324",2019-08-07 05:20:00,"18.2","7.81","19.2","7.14","18.5","7.34","19.0","7.08","18.0","7.70","19.2","7.74","18.7","7.74","18.2","7.77"
"325",2019-08-07 05:30:00,"18.1","7.81","19.2","7.12","18.5","7.33","19.0","7.09","18.0","7.70","19.2","7.74","18.7","7.75","18.1","7.77"
"326",2019-08-07 05:40:00,"18.1","7.81","19.2","7.12","18.5","7.33","19.0","7.08","18.0","7.70","19.2","7.73","18.6","7.75","18.1","7.77"
"327",2019-08-07 05:50:00,"18.1","7.81","19.2","7.12","18.5","7.32","18.9","7.07","18.0","7.70","19.2","7.75","18.6","7.76","18.1","7.77"
"328",2019-08-07 06:00:00,"18.1","7.81","19.2","7.11","18.5","7.31","18.9","7.09","18.0","7.70","19.2","7.75","18.6","7.77","18.1","7.77"
"329",2019-08-07 06:10:00,"18.1","7.81","19.2","7.11","18.5","7.31","18.9","7.07","18.0","7.70","19.2","7.76","18.6","7.77","18.1","7.77"
"330",2019-08-07 06:20:00,"18.1","7.81","19.2","7.11","18.4","7.31","18.9","7.09","18.0","7.70","19.1","7.76","18.6","7.70","18.1","7.77"
"331",2019-08-07 06:30:00,"18.1","7.81","19.2","7.11","18.4","7.33","18.9","7.08","18.0","7.70","19.1","7.76","18.6","7.79","18.1","7.77"
"332",2019-08-07 06:40:00,"18.1","7.81","19.1","7.10","18.4","7.34","18.8","7.10","17.9","7.70","19.1","7.76","18.6","7.76","18.1","7.77"
"333",2019-08-07 06:50:00,"18.1","7.81","19.1","7.10","18.4","7.32","18.8","7.07","17.9","7.70","19.1","7.75","18.6","7.77","18.1","7.77"
"334",2019-08-07 07:00:00,"18.1","7.81","19.1","7.12","18.4","7.34","18.8","7.09","17.9","7.70","19.1","7.75","18.6","7.78","18.1","7.77"
"335",2019-08-07 07:10:00,"18.1","7.81","19.1","7.12","18.3","7.32","18.8","7.08","17.9","7.70","19.1","7.76","18.6","7.76","18.1","7.77"
"336",2019-08-07 07:20:00,"18.1","7.81","19.1","7.12","18.3","7.32","18.8","7.09","17.9","7.70","19.1","7.75","18.5","7.77","18.1","7.77"
"337",2019-08-07 07:30:00,"18.1","7.81","19.1","7.12","18.3","7.32","18.8","7.07","17.9","7.70","19.1","7.76","18.5","7.77","18.1","7.77"
"338",2019-08-07 07:40:00,"18.1","7.81","19.0","7.12","18.3","7.32","18.8","7.09","17.9","7.70","19.0","7.77","18.4","7.78","18.1","7.77"
"339",2019-08-07 07:50:00,"18.1","7.81","19.0","7.12","18.3","7.32","18.8","7.09","17.8","7.70","19.0","7.77","18.4","7.77","18.1","7.77"
"340",2019-08-07 08:00:00,"18.0","7.81","18.9","7.12","18.3","7.34","18.8","7.08","17.8","7.70","19.0","7.75","18.3","7.78","18.0","7.77"
"341",2019-08-07 08:10:00,"18.0","7.81","18.9","7.12","18.3","7.34","18.7","7.09","17.8","7.70","19.0","7.75","18.3","7.78","18.0","7.77"
"342",2019-08-07 08:20:00,"18.0","7.81","18.8","7.12","18.3","7.34","18.7","7.08","17.8","7.70","18.9","7.78","18.3","7.78","18.0","7.77"
"343",2019-08-07 08:30:00,"18.0","7.81","18.8","7.12","18.2","7.34","18.7","7.08","17.8","7.70","18.9","7.78","18.2","7.78","18.0","7.77"
"344",2019-08-07 08:40:00,"18.0","7.81","18.8","7.12","18.2","7.34","18.7","7.10","17.8","7.70","18.9","7.77","18.2","7.79","18.0","7.77"
"345",2019-08-07 08:50:00,"18.0","7.81","18.7","7.12","18.2","7.34","18.7","7.08","17.8","7.70","18.8","7.75","18.2","7.78","18.0","7.77"
"346",2019-08-07 09:00:00,"18.0","7.81","18.7","7.12","18.2","7.36","18.7","7.10","17.8","7.70","18.8","7.76","18.1","7.78","18.0","7.77"
"347",2019-08-07 09:10:00,"18.0","7.81","18.7","7.12","18.2","7.34","18.6","7.08","17.7","7.70","18.8","7.76","18.1","7.78","17.9","7.77"
"348",2019-08-07 09:20:00,"17.9","7.81","18.6","7.12","18.2","7.34","18.6","7.10","17.7","7.70","18.8","7.77","18.1","7.78","17.9","7.77"
"349",2019-08-07 09:30:00,"17.9","7.81","18.6","7.14","18.1","7.33","18.6","7.09","17.7","7.70","18.8","7.74","18.1","7.78","17.9","7.77"
"350",2019-08-07 09:40:00,"17.9","7.81","18.6","7.14","18.1","7.33","18.6","7.08","17.7","7.70","18.7","7.76","18.0","7.78","17.8","7.77"
"351",2019-08-07 09:50:00,"17.9","7.81","18.5","7.15","18.1","7.33","18.6","7.11","17.7","7.70","18.7","7.77","18.1","7.77","17.8","7.77"
"352",2019-08-07 10:00:00,"17.8","7.81","18.5","7.14","18.1","7.35","18.6","7.08","17.7","7.70","18.7","7.79","18.1","7.69","17.8","7.77"
"353",2019-08-07 10:10:00,"17.8","7.81","18.3","7.18","18.1","7.35","18.5","7.11","17.7","7.70","18.7","7.76","18.0","7.76","17.8","7.77"
"354",2019-08-07 10:20:00,"17.8","7.81","18.2","7.35","18.1","7.33","18.5","7.07","17.6","7.70","18.6","7.77","18.0","7.78","17.8","7.77"
"355",2019-08-07 10:30:00,"17.8","7.81","18.2","7.48","18.1","7.33","18.5","7.10","17.6","7.70","18.6","7.76","18.0","7.78","17.8","7.77"
"356",2019-08-07 10:40:00,"17.8","7.81","18.1","7.48","18.1","7.33","18.5","7.07","17.6","7.70","18.6","7.76","17.9","7.77","17.8","7.77"
"357",2019-08-07 10:50:00,"17.8","7.81","18.1","7.49","18.0","7.33","18.5","7.10","17.6","7.70","18.6","7.77","17.9","7.77","17.8","7.77"
"358",2019-08-07 11:00:00,"17.8","7.81","18.1","7.45","18.0","7.33","18.5","7.08","17.6","7.70","18.6","7.76","17.9","7.78","17.8","7.77"
"359",2019-08-07 11:10:00,"17.8","7.81","18.1","7.42","18.0","7.33","18.5","7.10","17.6","7.70","18.6","7.75","17.9","7.79","17.8","7.77"
"360",2019-08-07 11:20:00,"17.8","7.81","18.1","7.43","18.0","7.33","18.5","7.08","17.6","7.70","18.5","7.75","17.8","7.79","17.8","7.77"
"361",2019-08-07 11:30:00,"17.8","7.81","18.1","7.57","18.0","7.35","18.5","7.09","17.6","7.70","18.5","7.75","17.9","7.79","17.8","7.77"
"362",2019-08-07 11:40:00,"17.8","7.81","18.1","7.56","18.0","7.35","18.4","7.08","17.6","7.70","18.5","7.72","17.9","7.79","17.8","7.77"
"363",2019-08-07 11:50:00,"17.8","7.81","18.1","7.56","18.0","7.35","18.4","7.08","17.6","7.70","18.5","7.73","17.9","7.79","17.8","7.77"
"364",2019-08-07 12:00:00,"17.8","7.81","18.1","7.63","18.0","7.35","18.4","7.08","17.6","7.70","18.5","7.74","17.9","7.78","17.8","7.77"
"365",2019-08-07 12:10:00,"17.8","7.81","18.1","7.61","18.0","7.36","18.4","7.09","17.6","7.70","18.5","7.73","17.9","7.78","17.8","7.77"
"366",2019-08-07 12:20:00,"17.8","7.81","18.1","7.59","18.0","7.34","18.4","7.09","17.6","7.70","18.5","7.73","17.9","7.78","17.8","7.77"
"367",2019-08-07 12:30:00,"17.8","7.81","18.1","7.61","18.1","7.34","18.4","7.07","17.6","7.71","18.5","7.74","17.9","7.78","17.8","7.78"
"368",2019-08-07 12:40:00,"17.8","7.81","18.1","7.64","18.1","7.34","18.3","7.11","17.6","7.71","18.5","7.75","18.0","7.78","17.8","7.78"
"369",2019-08-07 12:50:00,"17.8","7.82","18.1","7.62","18.1","7.36","18.3","7.08","17.6","7.71","18.5","7.77","17.9","7.78","17.8","7.78"
"370",2019-08-07 13:00:00,"17.8","7.83","18.1","7.65","18.1","7.33","18.3","7.09","17.6","7.71","18.5","7.75","18.0","7.77","17.8","7.78"
"371",2019-08-07 13:10:00,"17.8","7.83","18.2","7.65","18.1","7.33","18.3","7.08","17.6","7.71","18.5","7.75","18.0","7.78","17.8","7.78"
"372",2019-08-07 13:20:00,"17.8","7.83","18.2","7.65","18.1","7.36","18.3","7.08","17.6","7.71","18.5","7.77","18.1","7.78","17.8","7.78"
"373",2019-08-07 13:30:00,"17.8","7.83","18.2","7.62","18.1","7.36","18.3","7.08","17.6","7.71","18.5","7.76","18.1","7.78","17.8","7.78"
"374",2019-08-07 13:40:00,"17.8","7.83","18.2","7.59","18.1","7.36","18.3","7.09","17.7","7.71","18.5","7.76","18.1","7.78","17.8","7.78"
"375",2019-08-07 13:50:00,"17.8","7.83","18.2","7.58","18.1","7.36","18.3","7.09","17.7","7.71","18.5","7.75","18.1","7.78","17.8","7.78"
"376",2019-08-07 14:00:00,"17.8","7.83","18.2","7.65","18.1","7.36","18.3","7.07","17.7","7.71","18.5","7.72","18.1","7.78","17.8","7.78"
"377",2019-08-07 14:10:00,"17.8","7.83","18.2","7.65","18.0","7.36","18.3","7.09","17.7","7.71","18.5","7.72","18.1","7.78","17.8","7.78"
"378",2019-08-07 14:20:00,"17.9","7.83","18.3","7.63","18.0","7.36","18.3","7.11","17.7","7.71","18.5","7.74","18.2","7.79","17.8","7.78"
"379",2019-08-07 14:30:00,"17.9","7.83","18.3","7.62","18.0","7.34","18.3","7.08","17.7","7.71","18.5","7.74","18.3","7.78","17.8","7.78"
"380",2019-08-07 14:40:00,"17.9","7.83","18.3","7.62","18.0","7.34","18.3","7.10","17.7","7.71","18.5","7.74","18.3","7.78","17.8","7.78"
"381",2019-08-07 14:50:00,"17.9","7.83","18.3","7.62","18.0","7.33","18.3","7.07","17.7","7.71","18.5","7.73","18.3","7.78","17.8","7.78"
"382",2019-08-07 15:00:00,"17.9","7.83","18.3","7.58","18.0","7.35","18.2","7.10","17.7","7.71","18.5","7.74","18.4","7.80","17.8","7.78"
"383",2019-08-07 15:10:00,"17.9","7.83","18.4","7.61","18.0","7.35","18.2","7.07","17.7","7.71","18.5","7.74","18.4","7.80","17.8","7.78"
"384",2019-08-07 15:20:00,"17.9","7.83","18.4","7.58","18.0","7.36","18.2","7.09","17.7","7.71","18.5","7.75","18.5","7.80","17.9","7.78"
"385",2019-08-07 15:30:00,"18.0","7.83","18.4","7.56","18.0","7.33","18.2","7.11","17.7","7.71","18.5","7.73","18.5","7.80","17.9","7.78"
"386",2019-08-07 15:40:00,"18.0","7.82","18.5","7.54","18.1","7.33","18.2","7.08","17.7","7.71","18.5","7.74","18.5","7.79","17.9","7.78"
"387",2019-08-07 15:50:00,"18.0","7.83","18.5","7.56","18.1","7.35","18.2","7.10","17.7","7.71","18.6","7.73","18.6","7.79","17.9","7.78"
"388",2019-08-07 16:00:00,"18.0","7.82","18.5","7.57","18.1","7.34","18.2","7.09","17.8","7.71","18.6","7.73","18.6","7.79","17.9","7.78"
"389",2019-08-07 16:10:00,"18.0","7.82","18.5","7.57","18.1","7.33","18.2","7.11","17.8","7.71","18.6","7.72","18.6","7.79","18.0","7.78"
"390",2019-08-07 16:20:00,"18.0","7.82","18.5","7.57","18.1","7.33","18.2","7.08","17.8","7.71","18.6","7.71","18.6","7.79","18.0","7.78"
"391",2019-08-07 16:30:00,"18.0","7.82","18.6","7.66","18.1","7.35","18.3","7.10","17.8","7.71","18.6","7.74","18.7","7.78","18.0","7.78"
"392",2019-08-07 16:40:00,"18.0","7.82","18.6","7.71","18.1","7.35","18.3","7.09","17.9","7.70","18.6","7.74","18.7","7.79","18.0","7.78"
"393",2019-08-07 16:50:00,"18.0","7.82","18.6","7.66","18.1","7.37","18.3","7.08","17.9","7.70","18.6","7.72","18.7","7.79","18.0","7.78"
"394",2019-08-07 17:00:00,"18.0","7.82","18.6","7.64","18.1","7.37","18.3","7.07","17.9","7.70","18.6","7.73","18.8","7.79","18.0","7.78"
"395",2019-08-07 17:10:00,"18.1","7.82","18.6","7.57","18.1","7.37","18.3","7.10","17.9","7.70","18.6","7.71","18.8","7.77","18.0","7.78"
"396",2019-08-07 17:20:00,"18.1","7.82","18.6","7.65","18.1","7.34","18.3","7.08","18.0","7.70","18.6","7.72","18.8","7.78","18.0","7.78"
"397",2019-08-07 17:30:00,"18.1","7.82","18.6","7.65","18.1","7.34","18.3","7.08","18.0","7.70","18.7","7.72","18.8","7.77","18.1","7.78"
"398",2019-08-07 17:40:00,"18.1","7.82","18.6","7.61","18.2","7.34","18.3","7.11","18.0","7.70","18.7","7.71","18.8","7.78","18.1","7.78"
"399",2019-08-07 17:50:00,"18.1","7.82","18.7","7.56","18.2","7.35","18.3","7.08","18.0","7.70","18.7","7.70","18.9","7.79","18.1","7.78"
"400",2019-08-07 18:00:00,"18.1","7.82","18.7","7.55","18.2","7.36","18.3","7.10","18.0","7.70","18.7","7.67","19.0","7.79","18.1","7.78"
"401",2019-08-07 18:10:00,"18.1","7.82","18.7","7.55","18.2","7.34","18.3","7.09","18.0","7.70","18.8","7.71","19.1","7.79","18.1","7.78"
"402",2019-08-07 18:20:00,"18.1","7.82","19.1","7.68","18.2","7.33","18.3","7.10","18.0","7.70","18.8","7.69","19.0","7.78","18.1","7.78"
"403",2019-08-07 18:30:00,"18.1","7.82","19.5","7.64","18.2","7.36","18.3","7.08","18.0","7.70","18.8","7.67","19.0","7.77","18.1","7.78"
"404",2019-08-07 18:40:00,"18.2","7.82","19.5","7.65","18.2","7.36","18.3","7.08","18.1","7.70","18.8","7.69","19.0","7.78","18.1","7.78"
"405",2019-08-07 18:50:00,"18.2","7.82","19.2","7.65","18.2","7.36","18.3","7.09","18.1","7.70","18.8","7.65","19.1","7.79","18.2","7.78"
"406",2019-08-07 19:00:00,"18.2","7.82","19.1","7.67","18.2","7.34","18.4","7.08","18.1","7.70","18.8","7.65","19.5","7.67","18.2","7.78"
"407",2019-08-07 19:10:00,"18.2","7.82","19.1","7.67","18.2","7.34","18.4","7.10","18.1","7.70","18.8","7.67","19.8","7.75","18.2","7.78"
"408",2019-08-07 19:20:00,"18.2","7.82","19.0","7.65","18.3","7.34","18.4","7.08","18.1","7.70","18.9","7.69","20.1","7.73","18.2","7.78"
"409",2019-08-07 19:30:00,"18.2","7.82","19.1","7.67","18.3","7.34","18.4","7.08","18.1","7.70","18.9","7.68","20.2","7.71","18.2","7.76"
"410",2019-08-07 19:40:00,"18.2","7.82","19.1","7.66","18.3","7.34","18.4","7.09","18.1","7.70","18.9","7.67","20.3","7.69","18.2","7.76"
"411",2019-08-07 19:50:00,"18.2","7.82","19.1","7.68","18.3","7.33","18.5","7.08","18.1","7.70","18.9","7.67","20.3","7.69","18.3","7.76"
"412",2019-08-07 20:00:00,"18.3","7.82","19.1","7.69","18.3","7.33","18.5","7.10","18.2","7.70","19.0","7.67","20.3","7.69","18.3","7.76"
"413",2019-08-07 20:10:00,"18.3","7.82","19.1","7.69","18.3","7.33","18.5","7.09","18.2","7.70","19.0","7.68","20.4","7.74","18.3","7.76"
"414",2019-08-07 20:20:00,"18.3","7.82","19.2","7.70","18.5","7.35","18.5","7.11","18.2","7.70","19.0","7.67","20.6","7.74","18.3","7.76"
"415",2019-08-07 20:30:00,"18.3","7.82","19.2","7.72","18.5","7.33","18.5","7.08","18.2","7.70","19.0","7.67","19.6","7.65","18.3","7.76"
"416",2019-08-07 20:40:00,"18.3","7.82","19.2","7.67","18.5","7.33","18.5","7.08","18.6","7.61","19.0","7.64","19.9","7.70","18.3","7.64"
"417",2019-08-07 20:50:00,"18.4","7.82","19.2","7.48","18.5","7.33","18.5","7.07","18.3","7.23","19.0","7.63","19.9","7.61","18.4","7.27"
"418",2019-08-07 21:00:00,"18.4","7.82","19.2","7.16","18.5","7.35","18.5","7.09","18.3","6.94","19.0","7.65","19.8","7.41","18.4","7.00"
"419",2019-08-07 21:10:00,"18.4","7.82","19.2","6.92","18.5","7.33","18.5","7.11","18.3","6.75","19.0","7.65","19.8","7.10","18.4","6.82"
"420",2019-08-07 21:20:00,"18.5","7.82","19.2","6.76","18.6","7.33","18.5","7.08","18.3","6.63","19.0","7.64","19.8","6.93","18.5","6.68"
"421",2019-08-07 21:30:00,"18.5","7.82","19.2","6.68","18.6","7.36","18.6","7.10","18.3","6.54","19.0","7.67","19.8","6.81","18.5","6.60"
"422",2019-08-07 21:40:00,"18.5","7.82","19.2","6.58","18.6","7.36","18.6","7.08","18.4","6.47","19.0","7.65","19.8","6.72","18.5","6.52"
"423",2019-08-07 21:50:00,"18.5","7.82","19.3","6.55","18.6","7.36","18.6","7.08","18.4","6.50","19.0","7.64","19.8","6.58","18.6","6.55"
"424",2019-08-07 22:00:00,"18.5","7.82","19.3","6.56","18.6","7.36","18.6","7.08","18.4","6.53","19.0","7.63","19.8","6.62","18.6","6.57"
"425",2019-08-07 22:10:00,"18.5","7.82","19.2","6.60","18.6","7.34","18.6","7.08","18.4","6.55","19.1","7.65","19.8","6.61","18.6","6.61"
"426",2019-08-07 22:20:00,"18.5","7.82","19.2","6.63","18.6","7.34","18.6","7.09","18.4","6.59","19.0","7.66","19.8","6.66","18.6","6.64"
"427",2019-08-07 22:30:00,"18.5","7.83","19.2","6.65","18.6","7.34","18.6","7.09","18.5","6.62","19.1","7.66","19.8","6.68","18.6","6.67"
"428",2019-08-07 22:40:00,"18.5","7.83","19.2","6.68","18.6","7.34","18.6","7.09","18.5","6.65","19.1","7.65","19.8","6.71","18.6","6.70"
"429",2019-08-07 22:50:00,"18.5","7.83","19.3","6.70","18.6","7.34","18.6","7.11","18.5","6.67","19.1","7.67","19.8","6.74","18.6","6.73"
"430",2019-08-07 23:00:00,"18.5","7.83","19.3","6.73","18.7","7.34","18.6","7.07","18.5","6.70","19.1","7.68","19.8","6.76","18.6","6.76"
"431",2019-08-07 23:10:00,"18.5","7.83","19.3","6.78","18.7","7.34","18.6","7.10","18.5","6.73","19.1","7.68","19.8","6.78","18.6","6.79"
"432",2019-08-07 23:20:00,"18.5","7.83","19.2","6.79","18.7","7.34","18.6","7.08","18.5","6.77","19.1","7.68","19.8","6.82","18.6","6.82"
"433",2019-08-07 23:30:00,"18.5","7.83","19.2","6.81","18.7","7.34","18.6","7.09","18.5","6.79","19.1","7.68","19.8","6.84","18.6","6.84"
"434",2019-08-07 23:40:00,"18.5","7.83","19.3","6.85","18.7","7.34","18.6","7.11","18.5","6.82","19.1","7.67","19.8","6.87","18.6","6.88"
"435",2019-08-07 23:50:00,"18.5","7.83","19.3","6.87","18.7","7.34","18.6","7.07","18.5","6.85","19.0","7.67","19.8","6.90","18.6","6.91"
"436",2019-08-08 00:00:00,"18.6","7.83","19.3","6.90","18.7","7.33","18.6","7.09","18.5","6.88","19.0","7.66","19.8","6.94","18.6","6.94"
"437",2019-08-08 00:10:00,"18.6","7.83","19.3","6.93","18.7","7.33","18.6","7.08","18.5","6.90","19.0","7.65","19.8","6.97","18.6","6.96"
"438",2019-08-08 00:20:00,"18.6","7.84","19.3","6.96","18.7","7.32","18.6","7.07","18.5","6.94","19.1","7.67","19.8","7.00","18.6","6.99"
"439",2019-08-08 00:30:00,"18.5","7.84","19.2","6.99","18.7","7.32","18.6","7.10","18.5","6.97","19.0","7.69","19.7","7.00","18.6","7.02"
"440",2019-08-08 00:40:00,"18.5","7.84","19.2","7.00","18.7","7.34","18.6","7.07","18.5","7.00","19.0","7.70","19.7","7.03","18.6","7.05"
"441",2019-08-08 00:50:00,"18.5","7.84","19.2","7.05","18.7","7.32","18.6","7.09","18.5","7.02","19.0","7.69","19.7","7.08","18.6","7.08"
"442",2019-08-08 01:00:00,"18.5","7.84","19.2","7.06","18.7","7.32","18.6","7.09","18.5","7.05","19.0","7.69","19.7","7.08","18.6","7.11"
"443",2019-08-08 01:10:00,"18.5","7.84","19.2","7.09","18.6","7.31","18.6","7.11","18.5","7.07","19.0","7.70","19.7","7.11","18.6","7.13"
"444",2019-08-08 01:20:00,"18.5","7.84","19.2","7.11","18.6","7.31","18.6","7.08","18.4","7.10","19.0","7.67","19.7","7.14","18.6","7.16"
"445",2019-08-08 01:30:00,"18.5","7.84","19.2","7.13","18.6","7.31","18.6","7.10","18.4","7.13","19.0","7.66","19.7","7.16","18.6","7.18"
"446",2019-08-08 01:40:00,"18.5","7.84","19.1","7.16","18.6","7.31","18.6","7.08","18.4","7.16","19.0","7.67","19.6","7.17","18.6","7.21"
"447",2019-08-08 01:50:00,"18.5","7.84","19.1","7.16","18.6","7.34","18.6","7.10","18.4","7.12","19.0","7.65","19.6","7.20","18.6","7.17"
"448",2019-08-08 02:00:00,"18.5","7.84","19.1","7.16","18.6","7.34","18.6","7.07","18.4","7.15","19.0","7.67","19.6","7.21","18.6","7.21"
"449",2019-08-08 02:10:00,"18.5","7.84","19.1","7.16","18.6","7.35","18.6","7.07","18.3","7.15","19.0","7.70","19.6","7.21","18.5","7.20"
"450",2019-08-08 02:20:00,"18.5","7.84","19.1","7.17","18.6","7.35","18.6","7.10","18.3","7.14","19.0","7.67","19.6","7.21","18.5","7.18"
"451",2019-08-08 02:30:00,"18.5","7.84","19.1","7.17","18.6","7.35","18.6","7.08","18.3","7.15","19.0","7.70","19.5","7.21","18.5","7.21"
"452",2019-08-08 02:40:00,"18.4","7.84","19.1","7.17","18.6","7.33","18.6","7.10","18.3","7.14","19.0","7.70","19.5","7.20","18.5","7.20"
"453",2019-08-08 02:50:00,"18.4","7.84","19.1","7.18","18.6","7.33","18.5","7.09","18.3","7.14","19.0","7.67","19.6","7.21","18.5","7.21"
"454",2019-08-08 03:00:00,"18.4","7.84","19.1","7.17","18.6","7.33","18.5","7.09","18.3","7.14","19.0","7.69","19.5","7.23","18.5","7.21"
"455",2019-08-08 03:10:00,"18.4","7.84","19.1","7.17","18.5","7.33","18.5","7.09","18.3","7.14","18.9","7.66","19.5","7.22","18.5","7.20"
"456",2019-08-08 03:20:00,"18.4","7.84","19.1","7.17","18.5","7.35","18.5","7.08","18.3","7.13","18.9","7.65","19.5","7.22","18.5","7.18"
"457",2019-08-08 03:30:00,"18.3","7.84","19.0","7.17","18.5","7.35","18.5","7.07","18.3","7.12","18.9","7.65","19.5","7.22","18.5","7.18"
"458",2019-08-08 03:40:00,"18.3","7.84","19.0","7.18","18.5","7.35","18.5","7.10","18.3","7.15","18.9","7.65","19.5","7.22","18.5","7.20"
"459",2019-08-08 03:50:00,"18.3","7.84","19.0","7.17","18.5","7.35","18.5","7.08","18.3","7.14","18.9","7.65","19.5","7.21","18.4","7.20"
"460",2019-08-08 04:00:00,"18.3","7.84","19.0","7.17","18.5","7.31","18.5","7.10","18.2","7.13","18.9","7.65","19.5","7.21","18.4","7.18"
"461",2019-08-08 04:10:00,"18.3","7.84","19.0","7.17","18.5","7.31","18.5","7.07","18.2","7.13","18.9","7.69","19.4","7.20","18.4","7.18"
"462",2019-08-08 04:20:00,"18.3","7.84","19.0","7.18","18.5","7.33","18.5","7.09","18.2","7.14","18.8","7.67","19.4","7.21","18.4","7.19"
"463",2019-08-08 04:30:00,"18.3","7.84","19.0","7.18","18.4","7.33","18.5","7.09","18.2","7.15","18.8","7.66","19.4","7.22","18.4","7.20"
"464",2019-08-08 04:40:00,"18.3","7.84","18.9","7.17","18.4","7.33","18.5","7.07","18.2","7.14","18.8","7.66","19.4","7.21","18.4","7.18"
"465",2019-08-08 04:50:00,"18.3","7.84","18.9","7.17","18.4","7.33","18.5","7.10","18.2","7.13","18.8","7.66","19.4","7.21","18.3","7.18"
"466",2019-08-08 05:00:00,"18.3","7.84","18.9","7.18","18.4","7.34","18.5","7.07","18.2","7.13","18.8","7.66","19.4","7.21","18.3","7.18"
"467",2019-08-08 05:10:00,"18.3","7.84","18.9","7.17","18.4","7.34","18.5","7.09","18.2","7.14","18.8","7.69","19.3","7.20","18.3","7.21"
"468",2019-08-08 05:20:00,"18.3","7.84","18.9","7.17","18.3","7.35","18.5","7.09","18.2","7.14","18.8","7.70","19.3","7.20","18.3","7.20"
"469",2019-08-08 05:30:00,"18.3","7.84","18.9","7.17","18.3","7.35","18.4","7.09","18.2","7.13","18.8","7.71","19.3","7.22","18.3","7.18"
"470",2019-08-08 05:40:00,"18.2","7.84","18.9","7.17","18.3","7.36","18.4","7.09","18.2","7.12","18.8","7.71","19.3","7.21","18.3","7.18"
"471",2019-08-08 05:50:00,"18.2","7.84","18.8","7.18","18.3","7.36","18.4","7.09","18.2","7.14","18.8","7.70","19.3","7.22","18.3","7.20"
"472",2019-08-08 06:00:00,"18.2","7.84","18.8","7.19","18.3","7.34","18.4","7.07","18.2","7.14","18.8","7.71","19.3","7.19","18.3","7.19"
"473",2019-08-08 06:10:00,"18.2","7.84","18.8","7.19","18.3","7.36","18.4","7.09","18.1","7.12","18.8","7.71","19.3","7.20","18.3","7.18"
"474",2019-08-08 06:20:00,"18.2","7.84","18.8","7.17","18.3","7.35","18.4","7.09","18.1","7.14","18.8","7.71","19.3","7.20","18.3","7.21"
"475",2019-08-08 06:30:00,"18.2","7.84","18.8","7.17","18.3","7.35","18.4","7.07","18.1","7.14","18.8","7.73","19.3","7.20","18.3","7.20"
"476",2019-08-08 06:40:00,"18.2","7.84","18.8","7.16","18.2","7.35","18.4","7.10","18.1","7.14","18.8","7.71","19.3","7.20","18.3","7.20"
"477",2019-08-08 06:50:00,"18.2","7.84","18.8","7.17","18.2","7.35","18.3","7.09","18.1","7.14","18.8","7.69","19.3","7.21","18.3","7.18"
"478",2019-08-08 07:00:00,"18.2","7.84","18.8","7.17","18.2","7.35","18.3","7.09","18.1","7.13","18.7","7.68","19.2","7.20","18.3","7.19"
"479",2019-08-08 07:10:00,"18.2","7.84","18.8","7.17","18.2","7.35","18.3","7.08","18.1","7.13","18.7","7.67","19.2","7.19","18.3","7.18"
"480",2019-08-08 07:20:00,"18.2","7.84","18.8","7.18","18.2","7.36","18.3","7.11","18.1","7.13","18.7","7.67","19.2","7.22","18.3","7.18"
"481",2019-08-08 07:30:00,"18.2","7.84","18.8","7.18","18.2","7.36","18.3","7.09","18.1","7.12","18.7","7.66","19.2","7.20","18.3","7.18"
"482",2019-08-08 07:40:00,"18.2","7.84","18.8","7.17","18.2","7.36","18.3","7.11","18.1","7.14","18.7","7.65","19.2","7.21","18.3","7.21"
"483",2019-08-08 07:50:00,"18.2","7.84","18.8","7.18","18.2","7.36","18.3","7.08","18.1","7.14","18.7","7.70","19.2","7.24","18.3","7.20"
"484",2019-08-08 08:00:00,"18.2","7.84","18.8","7.15","18.2","7.36","18.3","7.10","18.2","7.13","18.7","7.71","19.2","7.22","18.2","7.18"
"485",2019-08-08 08:10:00,"18.2","7.84","18.8","7.18","18.1","7.39","18.3","7.07","18.1","7.13","18.7","7.69","19.2","7.20","18.2","7.19"
"486",2019-08-08 08:20:00,"18.2","7.84","18.8","7.17","18.1","7.36","18.3","7.07","18.1","7.13","18.7","7.67","19.2","7.21","18.2","7.20"
"487",2019-08-08 08:30:00,"18.2","7.84","18.8","7.18","18.1","7.35","18.3","7.10","18.1","7.12","18.7","7.68","19.2","7.24","18.2","7.18"
"488",2019-08-08 08:40:00,"18.2","7.84","18.8","7.17","18.1","7.36","18.3","7.08","18.1","7.14","18.7","7.68","19.2","7.24","18.2","7.21"
"489",2019-08-08 08:50:00,"18.2","7.84","18.8","7.16","18.1","7.37","18.3","7.10","18.1","7.13","18.7","7.70","19.2","7.23","18.2","7.18"
"490",2019-08-08 09:00:00,"18.2","7.84","18.8","7.17","18.1","7.38","18.3","7.07","18.1","7.13","18.7","7.72","19.2","7.22","18.2","7.19"
"491",2019-08-08 09:10:00,"18.2","7.84","18.7","7.17","18.1","7.39","18.3","7.09","18.1","7.14","18.7","7.70","18.8","7.22","18.2","7.21"
"492",2019-08-08 09:20:00,"18.2","7.84","18.7","7.16","18.1","7.37","18.3","7.11","18.1","7.13","18.7","7.68","18.8","7.24","18.2","7.18"
"493",2019-08-08 09:30:00,"18.2","7.84","18.8","7.16","18.1","7.38","18.3","7.07","18.1","7.12","18.7","7.69","18.8","7.22","18.2","7.18"
"494",2019-08-08 09:40:00,"18.2","7.84","18.7","7.16","18.1","7.38","18.3","7.10","18.1","7.14","18.6","7.69","18.7","7.21","18.2","7.21"
"495",2019-08-08 09:50:00,"18.1","7.84","18.7","7.16","18.1","7.39","18.3","7.08","18.1","7.13","18.6","7.71","18.3","7.20","18.2","7.20"
"496",2019-08-08 10:00:00,"18.1","7.84","18.6","7.17","18.0","7.38","18.2","7.09","18.0","7.12","18.6","7.70","18.2","7.19","18.2","7.18"
"497",2019-08-08 10:10:00,"18.1","7.84","18.6","7.18","18.0","7.39","18.2","7.08","18.0","7.14","18.6","7.74","18.1","7.20","18.2","7.21"
"498",2019-08-08 10:20:00,"18.1","7.84","18.5","7.18","18.0","7.38","18.2","7.11","18.0","7.14","18.5","7.76","18.1","7.20","18.2","7.20"
"499",2019-08-08 10:30:00,"18.1","7.84","18.5","7.16","18.0","7.38","18.2","7.08","18.0","7.13","18.5","7.71","18.0","7.20","18.2","7.18"
"500",2019-08-08 10:40:00,"18.1","7.84","18.5","7.15","18.0","7.38","18.2","7.10","18.0","7.12","18.5","7.70","18.0","7.21","18.1","7.18"
"501",2019-08-08 10:50:00,"18.1","7.84","18.5","7.16","18.0","7.37","18.2","7.10","18.0","7.14","18.5","7.70","18.0","7.21","18.1","7.21"
"502",2019-08-08 11:00:00,"18.0","7.84","18.5","7.15","18.0","7.37","18.2","7.08","18.0","7.13","18.5","7.71","17.8","7.23","18.1","7.21"
"503",2019-08-08 11:10:00,"18.0","7.84","18.4","7.15","17.9","7.39","18.2","7.08","18.0","7.14","18.5","7.70","17.8","7.20","18.1","7.20"
"504",2019-08-08 11:20:00,"18.0","7.84","18.3","7.17","17.9","7.38","18.1","7.08","17.9","7.13","18.4","7.71","17.7","7.21","18.1","7.19"
"505",2019-08-08 11:30:00,"18.0","7.84","18.3","7.17","17.9","7.38","18.1","7.07","17.9","7.12","18.4","7.72","17.7","7.22","18.1","7.19"
"506",2019-08-08 11:40:00,"18.0","7.84","18.3","7.17","17.8","7.38","18.1","7.10","17.9","7.14","18.4","7.72","17.7","7.23","18.1","7.21"
"507",2019-08-08 11:50:00,"18.0","7.84","18.3","7.17","17.8","7.37","18.1","7.08","17.9","7.14","18.3","7.74","17.7","7.23","18.0","7.21"
"508",2019-08-08 12:00:00,"18.0","7.84","18.3","7.17","17.8","7.36","18.1","7.10","17.8","7.13","18.3","7.71","17.7","7.23","18.0","7.20"
"509",2019-08-08 12:10:00,"18.0","7.84","18.4","7.23","17.8","7.34","18.1","7.10","17.8","7.12","18.2","7.70","17.7","7.21","18.0","7.18"
"510",2019-08-08 12:20:00,"18.0","7.84","18.3","7.19","17.8","7.36","18.1","7.08","17.8","7.12","18.2","7.70","17.8","7.20","18.0","7.19"
"511",2019-08-08 12:30:00,"18.0","7.84","18.3","7.18","17.8","7.37","18.1","7.10","17.8","7.15","18.2","7.71","17.8","7.20","18.0","7.21"
"512",2019-08-08 12:40:00,"18.0","7.84","18.3","7.20","17.8","7.37","18.1","7.09","17.9","7.15","18.2","7.70","17.7","7.21","18.0","7.19"
"513",2019-08-08 12:50:00,"18.0","7.84","18.3","7.20","17.8","7.37","18.1","7.09","17.9","7.15","18.2","7.69","17.7","7.19","18.1","7.20"
"514",2019-08-08 13:00:00,"18.0","7.84","18.3","7.20","17.8","7.36","18.1","7.08","17.9","7.14","18.2","7.69","17.7","7.21","18.1","7.20"
"515",2019-08-08 13:10:00,"18.0","7.84","18.3","7.20","17.8","7.37","18.1","7.08","17.9","7.12","18.2","7.70","17.7","7.23","18.1","7.18"
"516",2019-08-08 13:20:00,"18.0","7.84","18.3","7.19","17.9","7.36","18.1","7.10","18.0","7.13","18.2","7.71","17.7","7.21","18.1","7.18"
"517",2019-08-08 13:30:00,"18.0","7.84","18.3","7.19","17.9","7.36","18.1","7.08","18.0","7.14","18.2","7.71","17.6","7.20","18.1","7.20"
"518",2019-08-08 13:40:00,"18.1","7.84","18.3","7.20","17.9","7.35","18.1","7.09","18.0","7.13","18.2","7.71","17.7","7.21","18.1","7.20"
"519",2019-08-08 13:50:00,"18.1","7.84","18.3","7.20","18.0","7.37","18.1","7.10","18.0","7.13","18.2","7.71","17.7","7.23","18.2","7.18"
"520",2019-08-08 14:00:00,"18.1","7.84","18.3","7.19","18.0","7.37","18.1","7.08","18.0","7.13","18.2","7.71","17.7","7.23","18.2","7.18"
"521",2019-08-08 14:10:00,"18.1","7.84","18.4","7.20","18.0","7.34","18.1","7.11","18.1","7.14","18.2","7.71","17.7","7.23","18.2","7.19"
"522",2019-08-08 14:20:00,"18.1","7.85","18.5","7.19","18.0","7.36","18.1","7.09","18.1","7.13","18.2","7.71","17.8","7.22","18.2","7.19"
"523",2019-08-08 14:30:00,"18.1","7.85","18.5","7.19","18.0","7.36","18.1","7.07","18.1","7.13","18.2","7.71","17.8","7.22","18.2","7.19"
"524",2019-08-08 14:40:00,"18.2","7.85","18.5","7.19","18.0","7.36","18.1","7.10","18.1","7.13","18.2","7.72","17.9","7.22","18.3","7.19"
"525",2019-08-08 14:50:00,"18.2","7.85","18.5","7.21","18.1","7.36","18.1","7.08","18.1","7.14","18.2","7.74","17.9","7.22","18.3","7.19"
"526",2019-08-08 15:00:00,"18.2","7.85","18.6","7.19","18.1","7.36","18.1","7.10","18.1","7.14","18.2","7.72","18.0","7.22","18.3","7.19"
"527",2019-08-08 15:10:00,"18.2","7.85","18.6","7.21","18.1","7.34","18.1","7.08","18.2","7.14","18.2","7.71","18.0","7.22","18.3","7.18"
"528",2019-08-08 15:20:00,"18.2","7.86","18.6","7.22","18.1","7.34","18.2","7.08","18.2","7.13","18.2","7.72","18.1","7.22","18.3","7.19"
"529",2019-08-08 15:30:00,"18.3","7.86","19.0","7.21","18.2","7.36","18.2","7.09","18.2","7.13","18.3","7.73","18.1","7.21","18.4","7.18"
"530",2019-08-08 15:40:00,"18.3","7.86","19.1","7.21","18.2","7.36","18.2","7.09","18.2","7.12","18.3","7.72","18.2","7.21","18.4","7.18"
"531",2019-08-08 15:50:00,"18.3","7.86","19.1","7.20","18.2","7.34","18.2","7.07","18.3","7.12","18.3","7.73","18.2","7.22","18.5","7.18"
"532",2019-08-08 16:00:00,"18.3","7.86","19.1","7.18","18.2","7.34","18.2","7.09","18.3","7.12","18.3","7.75","18.2","7.20","18.5","7.19"
"533",2019-08-08 16:10:00,"18.3","7.86","19.1","7.17","18.2","7.33","18.2","7.08","18.3","7.14","18.3","7.72","18.2","7.21","18.5","7.21"
"534",2019-08-08 16:20:00,"18.4","7.87","19.1","7.18","18.3","7.33","18.2","7.08","18.3","7.14","18.3","7.75","18.2","7.21","18.5","7.21"
"535",2019-08-08 16:30:00,"18.4","7.87","19.2","7.19","18.3","7.35","18.2","7.08","18.3","7.13","18.3","7.74","18.2","7.20","18.5","7.20"
"536",2019-08-08 16:40:00,"18.4","7.87","19.2","7.20","18.3","7.35","18.2","7.08","18.3","7.14","18.3","7.73","18.2","7.21","18.6","7.20"
"537",2019-08-08 16:50:00,"18.5","7.87","19.2","7.19","18.3","7.35","18.3","7.10","18.4","7.15","18.4","7.73","18.3","7.21","18.6","7.21"
"538",2019-08-08 17:00:00,"18.5","7.87","19.2","7.19","18.3","7.36","18.3","7.08","18.4","7.14","18.4","7.73","18.3","7.20","18.6","7.21"
"539",2019-08-08 17:10:00,"18.5","7.87","19.1","7.19","18.4","7.34","18.3","7.10","18.4","7.15","18.4","7.75","18.3","7.21","18.6","7.21"
"540",2019-08-08 17:20:00,"18.5","7.87","19.1","7.19","18.4","7.34","18.3","7.09","18.5","7.14","18.4","7.76","18.3","7.23","18.6","7.21"
"541",2019-08-08 17:30:00,"18.5","7.87","19.1","7.19","18.4","7.34","18.3","7.09","18.5","7.14","18.4","7.75","18.5","7.26","18.6","7.20"
"542",2019-08-08 17:40:00,"18.5","7.87","19.1","7.19","18.4","7.33","18.3","7.08","18.5","7.14","18.4","7.75","18.6","7.28","18.6","7.18"
"543",2019-08-08 17:50:00,"18.6","7.87","19.2","7.19","18.5","7.35","18.3","7.10","18.5","7.15","18.5","7.76","18.7","7.35","18.7","7.19"
"544",2019-08-08 18:00:00,"18.6","7.87","19.3","7.20","18.5","7.33","18.3","7.08","18.5","7.14","18.5","7.75","18.7","7.29","18.7","7.20"
"545",2019-08-08 18:10:00,"18.6","7.89","19.3","7.20","18.5","7.33","18.3","7.10","18.5","7.13","18.5","7.75","18.8","7.25","18.7","7.20"
"546",2019-08-08 18:20:00,"18.6","7.89","19.3","7.20","18.5","7.35","18.3","7.08","18.6","7.14","18.5","7.73","18.8","7.27","18.7","7.18"
"547",2019-08-08 18:30:00,"18.6","7.89","19.3","7.20","18.5","7.35","18.4","7.11","18.6","7.14","18.5","7.72","18.9","7.32","18.7","7.20"
"548",2019-08-08 18:40:00,"18.6","7.89","19.3","7.17","18.5","7.36","18.4","7.08","18.6","7.14","18.5","7.73","19.0","7.34","18.7","7.20"
"549",2019-08-08 18:50:00,"18.6","7.89","19.2","7.17","18.5","7.36","18.4","7.11","18.6","7.14","18.6","7.76","19.0","7.25","18.8","7.19"
"550",2019-08-08 19:00:00,"18.7","7.89","19.2","7.16","18.6","7.34","18.4","7.08","18.6","7.14","18.6","7.76","19.0","7.28","18.8","7.19"
"551",2019-08-08 19:10:00,"18.7","7.89","19.2","7.16","18.6","7.34","18.5","7.10","18.6","7.14","18.6","7.75","19.0","7.22","18.8","7.20"
"552",2019-08-08 19:20:00,"18.7","7.89","19.2","7.17","18.6","7.34","18.5","7.08","18.6","7.14","18.6","7.75","19.0","7.24","18.8","7.19"
"553",2019-08-08 19:30:00,"18.7","7.89","19.2","7.16","18.6","7.34","18.5","7.11","18.7","7.14","18.6","7.75","19.0","7.28","18.8","7.20"
"554",2019-08-08 19:40:00,"18.7","7.89","19.2","7.17","18.6","7.36","18.5","7.07","18.7","7.13","18.6","7.76","19.0","7.21","18.8","7.18"
"555",2019-08-08 19:50:00,"18.7","7.89","19.2","7.17","18.6","7.36","18.5","7.11","18.7","7.13","18.6","7.76","19.0","7.25","18.8","7.18"
"556",2019-08-08 20:00:00,"18.7","7.89","19.2","7.17","18.6","7.35","18.5","7.07","18.7","7.12","18.6","7.78","19.1","7.26","18.8","7.18"
"557",2019-08-08 20:10:00,"18.7","7.89","19.2","7.18","18.6","7.33","18.5","7.10","18.7","7.15","18.6","7.76","19.1","7.28","18.8","7.21"
"558",2019-08-08 20:20:00,"18.7","7.89","19.2","7.18","18.6","7.35","18.5","7.08","18.7","7.12","18.7","7.76","19.1","7.28","18.8","7.18"
"559",2019-08-08 20:30:00,"18.7","7.89","19.3","7.17","18.6","7.33","18.5","7.09","18.7","7.15","18.7","7.75","19.1","7.27","18.9","7.20"
"560",2019-08-08 20:40:00,"18.8","7.89","19.3","7.17","18.7","7.33","18.5","7.10","18.7","7.14","18.7","7.76","19.1","7.26","18.9","7.18"
"561",2019-08-08 20:50:00,"18.8","7.89","19.3","7.17","18.7","7.33","18.5","7.08","18.7","7.12","18.7","7.73","19.1","7.26","18.9","7.18"
"562",2019-08-08 21:00:00,"18.8","7.89","19.3","7.17","18.7","7.33","18.6","7.10","18.7","7.16","18.7","7.73","19.1","7.28","18.9","7.21"
"563",2019-08-08 21:10:00,"18.8","7.89","19.3","7.18","18.7","7.35","18.6","7.08","18.7","7.15","18.7","7.74","19.1","7.27","18.9","7.19"
"564",2019-08-08 21:20:00,"18.8","7.89","19.3","7.17","18.7","7.35","18.6","7.10","18.7","7.14","18.7","7.74","19.1","7.27","18.9","7.18"
"565",2019-08-08 21:30:00,"18.8","7.89","19.3","7.16","18.7","7.35","18.6","7.09","18.8","7.13","18.7","7.75","19.1","7.28","18.9","7.17"
"566",2019-08-08 21:40:00,"18.8","7.90","19.3","7.18","18.7","7.35","18.6","7.07","18.8","7.15","18.7","7.76","19.1","7.28","19.0","7.18"
"567",2019-08-08 21:50:00,"18.8","7.90","19.3","7.18","18.7","7.33","18.6","7.09","18.8","7.14","18.7","7.75","19.1","7.27","19.0","7.18"
"568",2019-08-08 22:00:00,"18.8","7.90","19.3","7.18","18.7","7.33","18.6","7.08","18.8","7.14","18.7","7.74","19.1","7.28","19.0","7.19"
"569",2019-08-08 22:10:00,"18.8","7.90","19.3","7.18","18.7","7.33","18.6","7.09","18.8","7.13","18.8","7.74","19.1","7.25","19.0","7.19"
"570",2019-08-08 22:20:00,"18.8","7.90","19.3","7.18","18.7","7.33","18.6","7.09","18.8","7.13","18.8","7.76","19.1","7.26","19.0","7.18"
"571",2019-08-08 22:30:00,"18.8","7.90","19.3","7.19","18.7","7.35","18.6","7.08","18.8","7.12","18.8","7.74","19.1","7.27","19.0","7.18"
"572",2019-08-08 22:40:00,"18.8","7.90","19.3","7.19","18.7","7.35","18.6","7.08","18.8","7.14","18.8","7.74","19.1","7.26","19.0","7.21"
"573",2019-08-08 22:50:00,"18.8","7.90","19.3","7.19","18.7","7.35","18.6","7.09","18.8","7.16","18.8","7.77","19.1","7.24","19.0","7.21"
"574",2019-08-08 23:00:00,"18.8","7.90","19.3","7.18","18.7","7.35","18.6","7.08","18.8","7.15","18.8","7.77","19.1","7.24","19.0","7.20"
"575",2019-08-08 23:10:00,"18.8","7.90","19.3","7.19","18.7","7.35","18.6","7.08","18.8","7.16","18.8","7.75","19.1","7.25","19.0","7.21"
"576",2019-08-08 23:20:00,"18.8","7.90","19.3","7.19","18.7","7.36","18.6","7.09","18.8","7.16","18.8","7.75","19.1","7.26","19.0","7.21"
"577",2019-08-08 23:30:00,"18.8","7.90","19.3","7.19","18.7","7.34","18.6","7.11","18.8","7.14","18.8","7.75","19.1","7.27","19.0","7.21"
"578",2019-08-08 23:40:00,"18.8","7.90","19.3","7.18","18.7","7.34","18.6","7.08","18.8","7.13","18.8","7.77","19.1","7.25","19.0","7.20"
"579",2019-08-08 23:50:00,"18.8","7.90","19.3","7.18","18.7","7.33","18.6","7.10","18.8","7.13","18.8","7.74","19.1","7.23","19.0","7.18"
"580",2019-08-09 00:00:00,"18.8","7.90","19.3","7.18","18.7","7.33","18.6","7.08","18.8","7.12","18.8","7.75","19.1","7.23","19.0","7.18"
"581",2019-08-09 00:10:00,"18.8","7.90","19.3","7.17","18.8","7.33","18.6","7.10","18.8","7.16","18.8","7.73","19.2","7.23","19.0","7.21"
"582",2019-08-09 00:20:00,"18.8","7.90","19.3","7.18","18.7","7.35","18.6","7.08","18.8","7.14","18.8","7.73","19.2","7.25","19.0","7.20"
"583",2019-08-09 00:30:00,"18.8","7.90","19.3","7.19","18.7","7.36","18.6","7.11","18.8","7.12","18.8","7.73","19.1","7.26","19.0","7.18"
"584",2019-08-09 00:40:00,"18.8","7.90","19.3","7.18","18.7","7.36","18.6","7.08","18.8","7.12","18.8","7.72","19.1","7.27","19.0","7.18"
"585",2019-08-09 00:50:00,"18.8","7.90","19.3","7.18","18.7","7.34","18.6","7.09","18.8","7.13","18.8","7.73","19.1","7.27","19.0","7.19"
"586",2019-08-09 01:00:00,"18.8","7.90","19.3","7.18","18.7","7.33","18.6","7.09","18.8","7.13","18.8","7.72","19.1","7.28","18.9","7.18"
"587",2019-08-09 01:10:00,"18.8","7.90","19.3","7.17","18.7","7.33","18.6","7.08","18.7","7.13","18.8","7.73","19.1","7.28","18.9","7.19"
"588",2019-08-09 01:20:00,"18.8","7.90","19.3","7.17","18.7","7.35","18.6","7.08","18.7","7.13","18.8","7.73","19.1","7.27","18.9","7.18"
"589",2019-08-09 01:30:00,"18.8","7.90","19.3","7.17","18.7","7.33","18.6","7.08","18.7","7.13","18.8","7.73","19.1","7.28","18.9","7.19"
"590",2019-08-09 01:40:00,"18.7","7.90","19.3","7.18","18.7","7.33","18.6","7.08","18.7","7.12","18.8","7.73","19.0","7.26","18.9","7.18"
"591",2019-08-09 01:50:00,"18.7","7.90","19.2","7.19","18.7","7.35","18.6","7.09","18.7","7.13","18.8","7.72","19.0","7.26","18.8","7.18"
"592",2019-08-09 02:00:00,"18.7","7.90","19.2","7.17","18.7","7.36","18.6","7.09","18.7","7.14","18.8","7.74","19.0","7.25","18.8","7.21"
"593",2019-08-09 02:10:00,"18.7","7.90","19.2","7.18","18.7","7.35","18.6","7.08","18.7","7.14","18.8","7.72","19.0","7.27","18.8","7.20"
"594",2019-08-09 02:20:00,"18.7","7.90","19.2","7.17","18.7","7.34","18.6","7.09","18.6","7.14","18.7","7.72","19.0","7.27","18.7","7.19"
"595",2019-08-09 02:30:00,"18.7","7.90","19.2","7.14","18.6","7.33","18.6","7.09","18.6","7.13","18.7","7.70","19.0","7.27","18.7","7.20"
"596",2019-08-09 02:40:00,"18.6","7.90","19.2","7.18","18.6","7.33","18.6","7.08","18.6","7.13","18.7","7.72","19.0","7.28","18.7","7.18"
"597",2019-08-09 02:50:00,"18.6","7.89","19.2","7.19","18.6","7.31","18.6","7.11","18.6","7.13","18.7","7.72","19.0","7.28","18.7","7.18"
"598",2019-08-09 03:00:00,"18.6","7.89","19.1","7.17","18.6","7.34","18.6","7.07","18.6","7.13","18.7","7.72","19.0","7.28","18.7","7.19"
"599",2019-08-09 03:10:00,"18.6","7.89","19.1","7.18","18.6","7.34","18.6","7.10","18.6","7.12","18.7","7.71","18.8","7.29","18.7","7.19"
"600",2019-08-09 03:20:00,"18.6","7.89","19.1","7.18","18.6","7.32","18.5","7.08","18.5","7.13","18.7","7.72","18.8","7.29","18.6","7.17"
"601",2019-08-09 03:30:00,"18.6","7.89","19.1","7.19","18.6","7.32","18.5","7.10","18.5","7.15","18.7","7.72","18.8","7.28","18.6","7.21"
"602",2019-08-09 03:40:00,"18.5","7.89","19.1","7.19","18.6","7.34","18.5","7.07","18.5","7.14","18.7","7.72","18.8","7.27","18.6","7.21"
"603",2019-08-09 03:50:00,"18.5","7.89","19.0","7.20","18.6","7.32","18.5","7.10","18.5","7.15","18.7","7.72","18.8","7.27","18.6","7.20"
"604",2019-08-09 04:00:00,"18.5","7.89","19.0","7.19","18.5","7.34","18.5","7.08","18.5","7.15","18.7","7.70","18.8","7.27","18.6","7.19"
"605",2019-08-09 04:10:00,"18.5","7.87","19.0","7.19","18.5","7.35","18.5","7.10","18.5","7.14","18.7","7.71","18.8","7.25","18.6","7.18"
"606",2019-08-09 04:20:00,"18.5","7.87","19.0","7.21","18.5","7.33","18.5","7.08","18.4","7.13","18.7","7.73","18.8","7.26","18.5","7.19"
"607",2019-08-09 04:30:00,"18.5","7.87","19.0","7.21","18.5","7.33","18.5","7.11","18.4","7.14","18.7","7.72","18.8","7.26","18.5","7.19"
"608",2019-08-09 04:40:00,"18.5","7.87","19.0","7.19","18.5","7.33","18.5","7.08","18.4","7.14","18.7","7.72","18.8","7.26","18.5","7.18"
"609",2019-08-09 04:50:00,"18.4","7.87","19.0","7.20","18.5","7.33","18.5","7.10","18.4","7.13","18.6","7.72","18.8","7.25","18.5","7.18"
"610",2019-08-09 05:00:00,"18.4","7.87","19.0","7.19","18.5","7.33","18.5","7.08","18.3","7.14","18.6","7.71","18.8","7.25","18.5","7.21"
"611",2019-08-09 05:10:00,"18.4","7.87","18.9","7.18","18.5","7.33","18.4","7.10","18.3","7.14","18.6","7.71","18.8","7.26","18.5","7.19"
"612",2019-08-09 05:20:00,"18.4","7.87","18.9","7.19","18.4","7.33","18.4","7.07","18.3","7.14","18.6","7.70","18.7","7.29","18.5","7.19"
"613",2019-08-09 05:30:00,"18.3","7.86","18.9","7.19","18.4","7.36","18.4","7.09","18.3","7.14","18.6","7.68","18.7","7.27","18.5","7.19"
"614",2019-08-09 05:40:00,"18.3","7.86","18.9","7.20","18.4","7.34","18.4","7.09","18.3","7.15","18.6","7.68","18.7","7.27","18.4","7.21"
"615",2019-08-09 05:50:00,"18.3","7.86","18.9","7.19","18.3","7.34","18.4","7.09","18.3","7.13","18.6","7.67","18.7","7.26","18.4","7.18"
"616",2019-08-09 06:00:00,"18.3","7.86","18.8","7.20","18.3","7.34","18.4","7.09","18.3","7.12","18.6","7.69","18.7","7.25","18.4","7.19"
"617",2019-08-09 06:10:00,"18.3","7.86","18.8","7.19","18.3","7.34","18.3","7.08","18.3","7.12","18.6","7.65","18.7","7.24","18.4","7.18"
"618",2019-08-09 06:20:00,"18.3","7.86","18.8","7.21","18.3","7.34","18.3","7.10","18.3","7.13","18.6","7.67","18.7","7.24","18.4","7.18"
"619",2019-08-09 06:30:00,"18.3","7.86","18.8","7.19","18.3","7.34","18.3","7.08","18.2","7.13","18.6","7.69","18.7","7.25","18.4","7.19"
"620",2019-08-09 06:40:00,"18.2","7.86","18.8","7.19","18.3","7.36","18.3","7.11","18.2","7.12","18.6","7.70","18.7","7.24","18.3","7.18"
"621",2019-08-09 06:50:00,"18.2","7.86","18.8","7.18","18.3","7.37","18.3","7.08","18.2","7.13","18.6","7.69","18.7","7.24","18.3","7.18"
"622",2019-08-09 07:00:00,"18.2","7.86","18.8","7.18","18.3","7.37","18.3","7.11","18.2","7.14","18.6","7.71","18.7","7.24","18.3","7.21"
"623",2019-08-09 07:10:00,"18.2","7.86","18.8","7.17","18.3","7.35","18.3","7.08","18.2","7.13","18.5","7.70","18.7","7.25","18.3","7.20"
"624",2019-08-09 07:20:00,"18.2","7.86","18.8","7.18","18.3","7.35","18.3","7.09","18.2","7.13","18.5","7.73","18.7","7.24","18.3","7.19"
"625",2019-08-09 07:30:00,"18.2","7.85","18.8","7.19","18.3","7.35","18.3","7.09","18.2","7.14","18.5","7.70","18.7","7.30","18.3","7.20"
"626",2019-08-09 07:40:00,"18.2","7.85","18.8","7.18","18.3","7.34","18.3","7.08","18.2","7.14","18.5","7.69","18.7","7.25","18.3","7.18"
"627",2019-08-09 07:50:00,"18.2","7.85","18.8","7.18","18.3","7.34","18.3","7.08","18.2","7.14","18.5","7.69","18.7","7.25","18.3","7.18"
"628",2019-08-09 08:00:00,"18.2","7.85","18.8","7.18","18.3","7.34","18.3","7.08","18.2","7.13","18.5","7.70","18.7","7.26","18.3","7.18"
"629",2019-08-09 08:10:00,"18.2","7.85","18.8","7.18","18.2","7.34","18.3","7.08","18.2","7.15","18.5","7.69","18.7","7.27","18.3","7.21"
"630",2019-08-09 08:20:00,"18.2","7.85","18.8","7.17","18.2","7.36","18.3","7.09","18.2","7.12","18.5","7.68","18.7","7.28","18.3","7.18"
"631",2019-08-09 08:30:00,"18.2","7.85","18.8","7.17","18.2","7.37","18.3","7.09","18.2","7.12","18.5","7.68","18.7","7.31","18.3","7.18"
"632",2019-08-09 08:40:00,"18.2","7.85","18.8","7.17","18.2","7.35","18.3","7.09","18.2","7.13","18.5","7.68","18.6","7.27","18.3","7.19"
"633",2019-08-09 08:50:00,"18.2","7.85","18.8","7.17","18.2","7.35","18.3","7.09","18.2","7.15","18.5","7.68","18.6","7.28","18.3","7.20"
"634",2019-08-09 09:00:00,"18.2","7.85","18.8","7.17","18.2","7.35","18.2","7.09","18.2","7.15","18.5","7.68","18.6","7.32","18.3","7.21"
"635",2019-08-09 09:10:00,"18.2","7.85","18.7","7.17","18.2","7.37","18.2","7.10","18.2","7.13","18.5","7.69","18.6","7.28","18.3","7.20"
"636",2019-08-09 09:20:00,"18.2","7.85","18.7","7.18","18.2","7.37","18.2","7.08","18.2","7.13","18.5","7.74","18.6","7.28","18.3","7.18"
"637",2019-08-09 09:30:00,"18.1","7.85","18.7","7.18","18.2","7.37","18.2","7.08","18.2","7.14","18.5","7.71","18.6","7.28","18.2","7.19"
"638",2019-08-09 09:40:00,"18.1","7.85","18.7","7.18","18.1","7.39","18.2","7.08","18.1","7.14","18.4","7.70","18.6","7.33","18.2","7.20"
"639",2019-08-09 09:50:00,"18.1","7.85","18.7","7.19","18.1","7.39","18.2","7.08","18.1","7.13","18.4","7.70","18.6","7.35","18.2","7.20"
"640",2019-08-09 10:00:00,"18.1","7.84","18.7","7.18","18.1","7.38","18.2","7.11","18.1","7.13","18.4","7.69","18.7","7.26","18.2","7.18"
"641",2019-08-09 10:10:00,"18.1","7.84","18.7","7.18","18.1","7.37","18.2","7.09","18.1","7.12","18.5","7.69","18.7","7.23","18.2","7.18"
"642",2019-08-09 10:20:00,"18.1","7.84","18.7","7.17","18.1","7.38","18.2","7.09","18.1","7.14","18.4","7.70","18.7","7.22","18.2","7.21"
"643",2019-08-09 10:30:00,"18.1","7.84","18.7","7.17","18.1","7.40","18.2","7.08","18.1","7.14","18.4","7.69","18.7","7.22","18.2","7.21"
"644",2019-08-09 10:40:00,"18.1","7.84","18.7","7.17","18.1","7.35","18.2","7.08","18.1","7.13","18.4","7.69","18.6","7.22","18.2","7.20"
"645",2019-08-09 10:50:00,"18.1","7.84","18.7","7.17","18.1","7.39","18.2","7.07","18.1","7.14","18.4","7.68","18.6","7.25","18.2","7.21"
"646",2019-08-09 11:00:00,"18.1","7.84","18.6","7.18","18.1","7.40","18.2","7.09","18.1","7.14","18.4","7.70","18.6","7.23","18.2","7.21"
