"Date","Tank.ID","Treatment.EXP_1","Treatment.EXP_2","resp.COUNT.µg.L.hr.indiv","resp.MEAN.µg.L.hr.mm","Treatment.history"
20190723,"H1_T2","NA","NA",3.93095350259448,1.83708492695765,"AH"
20190723,"H1_T8","NA","NA",7.86031275874791,3.32094708612953,"AH"
20190723,"H1_T2","NA","NA",1.95245669623562,1.01837787691224,"AH"
20190723,"H1_T2","NA","NA",1.72412147985528,0.787070419411489,"AH"
20190723,"H1_T2","NA","NA",-0.926576411888992,-0.502997026780923,"AH"
20190723,"H1_T4","NA","NA",5.17425504445708,2.4836424213394,"AH"
20190723,"H1_T8","NA","NA",8.25840151873488,3.49866379535935,"AH"
20190723,"H1_T4","NA","NA",1.77624545583429,0.737643461725205,"AH"
20190723,"H1_T4","NA","NA",5.38395616453305,2.40868944081113,"AH"
20190723,"H1_T8","NA","NA",14.0205378853296,5.35430224330487,"AH"
20190723,"H1_T4","NA","NA",-0.773872545239562,-0.336824301535741,"AH"
20190723,"H1_T4","NA","NA",5.25580151974718,2.43349180356645,"AH"
20190723,"H1_T6","NA","NA",10.0726245348666,4.08423233077129,"AH"
20190723,"H1_T8","NA","NA",7.89597668629818,3.40719135909688,"AH"
20190723,"H1_T6","NA","NA",9.6690961696498,3.75953106350059,"AH"
20190723,"H1_T6","NA","NA",5.31865568591344,2.27131203668901,"AH"
20190723,"H1_T2","NA","NA",4.4858619319029,2.29234370810391,"AH"
20190723,"H1_T6","NA","NA",11.2882090582205,4.96185013548153,"AH"
20190723,"H1_T6","NA","NA",13.202276382772,5.09565517818629,"AH"
20190723,"H1_T8","NA","NA",9.63861219525869,3.80655183453983,"AH"
20190723,"H1_T1","NA","NA",8.26578371763137,3.19498597572077,"EH"
20190723,"H1_T7","NA","NA",6.59771336829433,3.22749322288558,"EH"
20190723,"H1_T1","NA","NA",8.81410887802248,3.86395420858267,"EH"
20190723,"H1_T7","NA","NA",6.95256628643782,3.30113936048221,"EH"
20190723,"H1_T1","NA","NA",4.33479999278871,1.83108983080345,"EH"
20190723,"H1_T7","NA","NA",10.6100555382445,5.04067250022175,"EH"
20190723,"H1_T1","NA","NA",5.42179768447653,2.51721326594216,"EH"
20190723,"H1_T3","NA","NA",5.76655957171189,2.42745725656722,"EH"
20190723,"H1_T3","NA","NA",4.06737556710034,1.88333488212703,"EH"
20190723,"H1_T1","NA","NA",3.56762564020522,1.78252544061772,"EH"
20190723,"H1_T3","NA","NA",7.23211660605555,3.34854663311554,"EH"
20190723,"H1_T7","NA","NA",11.3940770020136,5.40744004525007,"EH"
20190723,"H1_T3","NA","NA",8.44631772100863,3.72997347836495,"EH"
20190723,"H1_T7","NA","NA",9.74603061341705,4.40399033593179,"EH"
20190723,"H1_T3","NA","NA",8.21871849936777,3.42082349786384,"EH"
20190723,"H1_T5","NA","NA",4.56151055626584,1.95084560950354,"EH"
20190723,"H1_T5","NA","NA",1.47095583283497,0.709958840323629,"EH"
20190723,"H1_T5","NA","NA",8.34267688052488,3.35916660364727,"EH"
20190723,"H1_T5","NA","NA",10.433410827053,4.26182078897458,"EH"
20190723,"H1_T5","NA","NA",4.6188300523219,2.08807868549815,"EH"
20190725,"26","A","NA",8.36498054546165,3.37358061073467,"AH"
20190725,"35","A","NA",8.80506834962653,3.82810565415385,"EH"
20190725,"27","A","NA",2.62092320164105,1.03240147123466,"EH"
20190725,"34","A","NA",6.56713411183436,2.57008335898201,"AH"
20190725,"29","A","NA",15.1980170318297,5.85239403074051,"EH"
20190725,"31","A","NA",12.5486947512203,5.43547274814623,"EH"
20190725,"36","A","NA",10.4652204378253,3.88415950927574,"AH"
20190725,"30","A","NA",2.76912854246675,1.21464844927385,"AH"
20190725,"28","A","NA",11.9597476007238,4.85226202075977,"EH"
20190725,"32","A","NA",6.37948795123272,2.63337116732076,"EH"
20190725,"33","A","NA",12.7250023783107,5.55757856091599,"AH"
20190725,"25","A","NA",8.77036075967481,3.54883764216677,"AH"
20190725,"7","M","NA",11.9495819779692,4.64221685163048,"EH"
20190725,"4","M","NA",6.6421698093837,2.74684226827429,"AH"
20190725,"10","M","NA",4.51730298459498,1.93331717444267,"AH"
20190725,"2","M","NA",9.57628697406081,4.03476348328951,"EH"
20190725,"9","M","NA",18.2642317261579,6.94105588782286,"EH"
20190725,"4","M","NA",4.00957289370488,1.74455673402678,"AH"
20190725,"12","M","NA",7.10574602794824,2.97435999495531,"AH"
20190725,"11","M","NA",6.32130786869813,2.67072438354536,"AH"
20190725,"3","M","NA",7.93322542799098,3.07132227177351,"EH"
20190725,"6","M","NA",8.02476029596041,2.81757276415728,"AH"
20190725,"8","M","NA",12.2155081916659,5.02236517702115,"EH"
20190725,"1","M","NA",7.88015344299212,3.19667272094695,"EH"
20190725,"14","S","NA",5.63651355137181,2.39715631614905,"AH"
20190725,"17","S","NA",5.92929249283933,2.08655454293466,"EH"
20190725,"13","S","NA",4.04698171283174,1.65182927054357,"EH"
20190725,"24","S","NA",2.85274587419783,1.28663056215387,"AH"
20190725,"19","S","NA",7.52149628288028,3.17347834353394,"AH"
20190725,"15","S","NA",5.8481529876134,2.59443864980138,"AH"
20190725,"21","S","NA",6.34993639274886,2.49353931387668,"AH"
20190725,"23","S","NA",6.90240604203832,2.52239947938708,"EH"
20190725,"20","S","NA",7.97767738673138,3.55071937493608,"EH"
20190725,"18","S","NA",9.27208666259904,3.93626320582035,"EH"
20190725,"22","S","NA",2.82637343822047,1.18121016689037,"EH"
20190725,"16","S","NA",10.19552087089,4.18077673765311,"AH"
20190728,"35","A","NA",5.77948728259115,2.42303934146925,"EH"
20190728,"32","A","NA",2.79937913142157,1.11287654855754,"EH"
20190728,"26","A","NA",7.40740129566183,3.10048421825674,"AH"
20190728,"31","A","NA",9.92011155382055,3.70722102663227,"EH"
20190728,"29","A","NA",7.99038660735719,3.24724462504356,"EH"
20190728,"33","A","NA",7.37105163908508,3.06516955836833,"AH"
20190728,"34","A","NA",8.10387436890536,3.21937185257772,"AH"
20190728,"30","A","NA",4.34404540338873,1.85554858236823,"AH"
20190728,"25","A","NA",9.19425497852891,3.82315167283128,"AH"
20190728,"36","A","NA",6.55924424839123,2.51333439354228,"AH"
20190728,"27","A","NA",-0.0130981813085003,-0.00481236249904076,"EH"
20190728,"28","A","NA",15.0048495712634,5.64186355871369,"EH"
20190728,"10","M","NA",5.13361763409307,2.08655370576876,"AH"
20190728,"11","M","NA",6.58829565131413,2.71732096887526,"AH"
20190728,"3","M","NA",5.16583758842887,2.16576784347416,"EH"
20190728,"5","M","NA",10.3542414383518,4.08953231865389,"AH"
20190728,"2","M","NA",6.8354951084333,2.66837805143785,"EH"
20190728,"4","M","NA",5.77458653469428,2.56255997299189,"AH"
20190728,"9","M","NA",8.9828215174743,3.38846530270626,"EH"
20190728,"8","M","NA",9.76652298112121,3.553185658909,"EH"
20190728,"1","M","NA",6.06296634852459,2.38960793241609,"EH"
20190728,"6","M","NA",1.09868425867141,0.445613263994715,"AH"
20190728,"12","M","NA",4.67222952772131,1.98611684061458,"AH"
20190728,"18","S","NA",12.8432221105001,5.09988965340837,"EH"
20190728,"15","S","NA",7.23696700350636,2.7931173305698,"AH"
20190728,"22","S","NA",6.40750095785655,2.55369358873036,"EH"
20190728,"16","S","NA",5.12447008192375,2.14982663204744,"AH"
20190728,"20","S","NA",6.22915967451037,2.59692593434284,"EH"
20190728,"13","S","NA",8.4850087575622,3.54658549220044,"EH"
20190728,"21","S","NA",6.90169048774076,2.65790391055485,"AH"
20190728,"17","S","NA",8.47064041468023,3.20938636575406,"EH"
20190728,"24","S","NA",8.02816046774728,3.07736463263876,"AH"
20190728,"23","S","NA",5.22203976388334,2.3005706532356,"EH"
20190728,"19","S","NA",7.60351489952014,2.82716934912957,"AH"
20190728,"14","S","NA",6.91870783397332,2.85137698075647,"AH"
20190731,"31","A","NA",6.46238920543198,2.73161294612473,"EH"
20190731,"33","A","NA",9.8110502369702,4.59056158735283,"AH"
20190731,"29","A","NA",6.59079974768814,2.90286765827509,"EH"
20190731,"28","A","NA",7.49358219505663,3.17375245908281,"EH"
20190731,"34","A","NA",5.68515821619168,2.4467494235714,"AH"
20190731,"30","A","NA",5.16553153732077,2.16453039556229,"AH"
20190731,"35","A","NA",8.33200431947063,3.53934199628242,"EH"
20190731,"25","A","NA",7.3522249682243,2.9521738517899,"AH"
20190731,"27","A","NA",11.153149674313,4.08689984401355,"EH"
20190731,"36","A","NA",8.44169106988072,3.7108146736801,"AH"
20190731,"26","A","NA",11.1653006802161,4.85119755343946,"AH"
20190731,"9","M","NA",6.21822678898288,2.65458880091291,"EH"
20190731,"7","M","NA",10.6991135910008,4.54100553261058,"EH"
20190731,"1","M","NA",5.05691006250342,2.12495053518213,"EH"
20190731,"10","M","NA",6.50636486172607,2.83666539531728,"AH"
20190731,"5","M","NA",4.95544571591872,2.27964687401699,"AH"
20190731,"2","M","NA",9.87590218047754,4.08526541454694,"EH"
20190731,"12","M","NA",8.57972842507828,3.14595868102279,"AH"
20190731,"8","M","NA",10.7878492094086,4.25612146610017,"EH"
20190731,"6","M","NA",8.50989969611424,3.41580132303221,"AH"
20190731,"3","M","NA",10.1837194706573,4.14271719562086,"EH"
20190731,"4","M","NA",7.034728592743,3.1367695865382,"AH"
20190731,"11","M","NA",8.88102090096346,3.65373871405518,"AH"
20190731,"24","S","NA",7.9418262273543,3.41257751473806,"AH"
20190731,"18","S","NA",6.25106849246909,2.75795952900739,"EH"
20190731,"22","S","NA",5.94272371286211,2.53577249268723,"EH"
20190731,"19","S","NA",9.65418945825794,4.09249235195335,"AH"
20190731,"13","S","NA",4.93797657983368,2.00368752112277,"EH"
20190731,"32","A","NA",6.98125095247567,2.91236018226945,"EH"
20190731,"20","S","NA",11.990229293056,4.66707307488556,"EH"
20190731,"15","S","NA",9.54670657352164,3.98498952561081,"AH"
20190731,"23","S","NA",7.10227851630212,2.87192823142019,"EH"
20190731,"16","S","NA",6.20036906820171,2.55007638869512,"AH"
20190731,"14","S","NA",5.96895295644542,2.68696926964482,"AH"
20190731,"17","S","NA",8.84194206768534,3.47363388228068,"EH"
20190731,"21","S","NA",12.2102925034063,4.72412658114766,"AH"
20190801,"28","A","NA",7.57780932693165,3.28628554630101,"EH"
20190801,"25","A","NA",7.78717650691589,3.35092462645197,"AH"
20190801,"27","A","NA",9.40015648092067,3.76743001105656,"EH"
20190801,"31","A","NA",12.2932156573356,5.04647604980936,"EH"
20190801,"31","A","NA",8.93462117276609,3.30993622107907,"EH"
20190801,"34","A","NA",9.64869164262296,4.16870168420175,"AH"
20190801,"26","A","NA",8.07068705204716,3.49464438144933,"AH"
20190801,"30","A","NA",7.18419947155721,3.01857120653664,"AH"
20190801,"29","A","NA",5.45634782054158,2.17172874512976,"EH"
20190801,"33","A","NA",9.38591140656788,3.71245506983875,"AH"
20190801,"36","A","NA",13.0834925926684,5.30770490574782,"AH"
20190801,"35","A","NA",10.755830564181,4.4244469618186,"EH"
20190801,"1","M","NA",9.99995545173748,4.20716151204363,"EH"
20190801,"6","M","NA",9.18465774613051,4.08731802389115,"AH"
20190801,"5","M","NA",7.39073147924078,2.94295121286466,"AH"
20190801,"9","M","NA",10.7563211765144,4.09054722338501,"EH"
20190801,"7","M","NA",10.5068901559525,4.55654659102647,"EH"
20190801,"4","M","NA",11.6312550634068,5.00460369893682,"AH"
20190801,"2","M","NA",7.67601466202165,3.24872475702774,"EH"
20190801,"10","M","NA",6.54932098516035,2.85359647881696,"AH"
20190801,"8","M","NA",9.35858176411757,3.6893226402566,"EH"
20190801,"11","M","NA",7.99249567985441,3.67809281171395,"AH"
20190801,"12","M","NA",7.31430982664653,3.37047711022573,"AH"
20190801,"23","S","NA",8.31335137442208,3.8105506681843,"EH"
20190801,"14","S","NA",6.53783165424449,2.92753295627645,"AH"
20190801,"22","S","NA",9.1101258131889,3.99878717902361,"EH"
20190801,"13","S","NA",5.46739659197502,2.09487714793202,"EH"
20190801,"18","S","NA",7.45207708194416,2.96842939441876,"EH"
20190801,"24","S","NA",7.46723467803372,3.24036220358262,"AH"
20190801,"16","S","NA",7.96753874026689,3.37178956422636,"AH"
20190801,"20","S","NA",8.93009226756591,3.57887653774294,"EH"
20190801,"21","S","NA",9.4940903390612,3.88588899229391,"AH"
20190801,"19","S","NA",10.0204427222912,4.0131712575926,"AH"
20190801,"17","S","NA",4.06285047402976,1.76381526536433,"EH"
20190804,"35","A","NA",13.2942170747538,5.18382884939058,"EH"
20190804,"32","A","NA",5.36598661717852,2.09372581091679,"EH"
20190804,"36","A","NA",12.0188641902114,4.54113256557106,"AH"
20190804,"30","A","NA",5.91101180602695,2.10306397273255,"AH"
20190804,"26","A","NA",6.26432986264709,2.44976834812826,"AH"
20190804,"33","A","NA",7.20759996401425,2.9640575588818,"AH"
20190804,"34","A","NA",12.9436687342447,5.00959054821547,"AH"
20190804,"27","A","NA",2.62459622164942,1.07820732129107,"EH"
20190804,"31","A","NA",9.13300171165056,3.72522163629526,"EH"
20190804,"29","A","NA",9.88284300719729,3.32606338586402,"EH"
20190804,"28","A","NA",8.00967477744332,3.37438903697935,"EH"
20190804,"25","A","NA",7.05740783395848,3.0745278331781,"AH"
20190804,"6","M","NA",2.97013844186542,1.16903900886857,"AH"
20190804,"9","M","NA",6.50746355914209,2.52303330169641,"EH"
20190804,"1","M","NA",7.63467853138392,3.02483301560377,"EH"
20190804,"3","M","NA",5.81730432023088,2.29218242993205,"EH"
20190804,"12","M","NA",7.16489563981922,2.88764769864193,"AH"
20190804,"4","M","NA",8.58287626174548,3.4250825325105,"AH"
20190804,"11","M","NA",6.27504125456631,2.53207367696811,"AH"
20190804,"2","M","NA",6.26573402081996,2.34379078085535,"EH"
20190804,"7","M","NA",5.2342333583648,2.02589344279376,"EH"
20190804,"8","M","NA",6.4529906733985,2.67512280334346,"EH"
20190804,"5","M","NA",7.46104109925251,3.08519962753377,"AH"
20190804,"23","S","NA",8.21343578296256,3.25341851356292,"EH"
20190804,"19","S","NA",12.0361966916835,4.47368341559229,"AH"
20190804,"15","S","NA",8.61412761027361,3.54037576456583,"AH"
20190804,"18","S","NA",5.45511999995623,2.34192329706192,"EH"
20190804,"17","S","NA",5.60363442291496,2.20982866559612,"EH"
20190804,"21","S","NA",7.37628541019361,3.04413832959201,"AH"
20190804,"22","S","NA",9.70648484404787,4.17862640373246,"EH"
20190804,"16","S","NA",5.9559238404063,2.59705981413065,"AH"
20190804,"13","S","NA",8.50915099093809,3.32691945429614,"EH"
20190804,"14","S","NA",10.2367664021866,4.20958135884488,"AH"
20190804,"24","S","NA",9.78671553525001,3.68954215294475,"AH"
20190804,"20","S","NA",3.37455891262652,1.35355335652191,"EH"
20190807,"25","A","NA",8.61612586665006,3.50597399402525,"AH"
20190807,"35","A","NA",8.05069770289251,3.38470030018371,"EH"
20190807,"26","A","NA",6.52584499427387,2.89351684641171,"AH"
20190807,"36","A","NA",7.96909771121033,3.32030366190884,"AH"
20190807,"34","A","NA",9.39583463797667,3.3694270925525,"AH"
20190807,"32","A","NA",8.81233251738112,3.37709144800639,"EH"
20190807,"33","A","NA",8.04585637247803,3.49431584965026,"AH"
20190807,"28","A","NA",2.69451635052838,1.15287126953912,"EH"
20190807,"30","A","NA",8.52251225150546,3.56110359178927,"AH"
20190807,"31","A","NA",11.0564229493272,4.14029319064428,"EH"
20190807,"29","A","NA",5.62994108571126,2.15660650229416,"EH"
20190807,"27","A","NA",8.18234277192891,3.35923204759421,"EH"
20190807,"1","M","NA",7.7823627854318,3.13467888779476,"EH"
20190807,"12","M","NA",7.35759813566947,2.90890806628998,"AH"
20190807,"3","M","NA",8.0480225297017,3.25655079432224,"EH"
20190807,"7","M","NA",12.4686131967699,4.70513705538488,"EH"
20190807,"11","M","NA",6.29884109177875,2.25101532028307,"AH"
20190807,"10","M","NA",6.49285405750503,2.50689345849615,"AH"
20190807,"6","M","NA",4.17800191984745,1.9395480104517,"AH"
20190807,"8","M","NA",5.45960049710649,2.38503079671675,"EH"
20190807,"4","M","NA",6.46485633788586,2.31641480376514,"AH"
20190807,"9","M","NA",6.3531021227328,2.35377569177487,"EH"
20190807,"2","M","NA",7.76700684275962,3.02244299484765,"EH"
20190807,"5","M","NA",9.40267088527091,3.68058620248078,"AH"
20190807,"24","S","NA",4.5821668298981,2.00220913089687,"AH"
20190807,"23","S","NA",9.82368766804462,4.04599986328032,"EH"
20190807,"18","S","NA",4.3062560533167,1.56698760683501,"EH"
20190807,"15","S","NA",7.31833496762926,3.04916507146259,"AH"
20190807,"16","S","NA",1.7772984409727,0.817733549857078,"AH"
20190807,"13","S","NA",5.82131569720956,2.33225789151024,"EH"
20190807,"19","S","NA",7.76580910396437,2.9459339066672,"AH"
20190807,"14","S","NA",6.11671811986152,2.39152278894625,"AH"
20190807,"17","S","NA",8.54851164751325,3.4174301438111,"EH"
20190807,"20","S","NA",4.26933182107323,1.70727745444144,"EH"
20190807,"22","S","NA",9.08980758769398,3.65068804003953,"EH"
20190807,"21","S","NA",7.00148060532855,2.74352688296573,"AH"
20190808,"18","S","A",5.52977072568596,2.5345251849243,"EH"
20190808,"48","M","A",9.22706930413264,3.72626867707053,"AH"
20190808,"36","A","A",9.20227415991659,3.78279288568783,"AH"
20190808,"29","A","A",7.54696621962897,3.19035678612779,"EH"
20190808,"66","A","A",6.68262655313123,2.75509111214755,"AH"
20190808,"9","M","A",5.88074766721042,2.57651294931817,"EH"
20190808,"52","S","A",6.66163663463716,2.95941209890589,"AH"
20190808,"61","A","A",8.09877808561182,3.46974831106328,"AH"
20190808,"21","S","A",7.50450791786405,3.03226053967749,"AH"
20190808,"70","A","A",8.21229063308935,3.43100063586501,"AH"
20190808,"2","M","A",7.09791478800452,2.83061117919358,"EH"
20190808,"71","A","A",11.1635476643688,4.33012666376412,"EH"
20190808,"33","A","A",9.97572867068168,4.11747571823596,"AH"
20190808,"55","S","A",4.90709156955463,2.09904107062698,"AH"
20190808,"11","M","A",8.06771542826002,3.56452817154345,"AH"
20190808,"67","A","A",10.6827325711468,3.9060938141026,"EH"
20190808,"27","A","A",5.86611464186012,2.24535498561396,"EH"
20190808,"46","M","A",12.0429027043642,4.57615048930873,"AH"
20190808,"6","M","A",11.5030778724883,4.95371552956578,"AH"
20190808,"24","S","A",5.82954421118654,2.67478449659336,"AH"
20190808,"64","A","A",4.85312989325545,1.89855555243411,"EH"
20190808,"53","S","A",4.61060575826936,2.07695339228311,"EH"
20190808,"32","A","A",8.3169432962539,3.36476173992112,"EH"
20190808,"44","M","A",5.02867109803446,2.09868026349688,"EH"
20190808,"23","S","A",6.27797496263388,2.58731452805683,"EH"
20190808,"26","A","A",3.56494143172725,1.474131536207,"AH"
20190808,"13","S","A",4.26102921386102,2.00855093095633,"EH"
20190808,"4","M","A",4.94036980536854,2.08356739682834,"AH"
20190808,"15","S","A",5.01194615775997,2.44101495859298,"AH"
20190808,"41","M","A",6.58272997198826,2.93595171950514,"AH"
20190808,"50","S","A",5.59717602131985,2.22512408639421,"AH"
20190808,"39","M","A",6.26056985586,2.63012317148579,"EH"
20190808,"7","M","A",7.80783690199842,2.99533384987152,"EH"
20190808,"37","M","A",8.56774579042323,3.55590095060222,"EH"
20190808,"31","A","M",5.70941362402204,2.25510061512325,"EH"
20190808,"30","A","M",9.97994068641652,4.27752482035187,"AH"
20190808,"72","A","M",7.41040014883405,3.09138784367788,"AH"
20190808,"65","A","M",5.63430474073697,2.22309262019433,"EH"
20190808,"16","S","M",2.16325788607716,1.02724217668414,"AH"
20190808,"45","M","M",7.68821844985104,2.8868107158688,"EH"
20190808,"34","A","M",7.33204733393439,2.66857109371601,"AH"
20190808,"62","A","M",1.20041230239307,0.534943093758051,"AH"
20190808,"43","M","M",6.65969542412752,2.50647174412025,"EH"
20190808,"59","S","M",5.28291910043853,2.28203848831038,"EH"
20190808,"51","S","M",6.94472653063461,2.82395241384862,"AH"
20190808,"22","S","M",7.05698712820265,2.94450088798442,"EH"
20190808,"25","A","M",8.47904626046545,3.34904837813522,"AH"
20190808,"54","S","M",17.5811084986302,6.46205899239041,"EH"
20190808,"19","S","M",4.43468737990288,1.98272163035896,"AH"
20190808,"8","M","M",8.47380302420241,3.90278016569376,"EH"
20190808,"68","A","M",11.7757698921579,4.11436503860479,"EH"
20190808,"69","A","M",7.1771431280712,2.97149177259365,"AH"
20190808,"60","S","M",6.72481530131124,2.95625153674602,"AH"
20190808,"47","M","M",13.7210313796951,5.80224979642229,"AH"
20190808,"14","S","M",9.57478485559293,3.73885212167374,"AH"
20190808,"40","M","M",8.68453504207698,3.85903107429115,"AH"
20190808,"3","M","M",2.69882305011604,1.45646144096926,"EH"
20190808,"49","S","M",10.2561866312299,3.6959231103531,"EH"
20190808,"20","S","M",8.75992655369427,3.39517415198521,"EH"
20190808,"5","M","M",6.03028428057802,2.62897493340449,"AH"
20190808,"12","M","M",2.56731449207734,1.18236774274363,"AH"
20190808,"1","M","M",4.87443770758461,2.02894918917128,"EH"
20190808,"42","M","M",8.87066657332579,3.6804351447507,"AH"
20190808,"10","M","M",4.71712894435861,2.03841938345549,"AH"
20190808,"63","A","M",5.22257551095434,2.06063917573823,"EH"
20190808,"57","S","M",4.19201612566493,1.83914132450933,"AH"
20190808,"35","A","M",5.16077385354807,2.25197404518461,"EH"
20190808,"38","M","M",5.76365013326072,2.15079406249882,"EH"
20190808,"17","S","M",5.71663971449214,2.06841510936839,"EH"
20190811,"53","S","A",9.72283227494549,3.97697997884422,"EH"
20190811,"27","A","A",7.73400074158609,3.10049027502338,"EH"
20190811,"15","S","A",6.02305330105314,2.51426158207228,"AH"
20190811,"52","S","A",8.61682754276943,3.41515976241522,"AH"
20190811,"55","S","A",8.84600143426387,3.6780011507149,"AH"
20190811,"46","M","A",2.69819992623752,1.06200469413705,"AH"
20190811,"50","S","A",8.93087601032978,3.53216224701037,"AH"
20190811,"61","A","A",9.63936131611762,4.04863971649517,"AH"
20190811,"6","M","A",3.9454931873983,1.81032060599463,"AH"
20190811,"41","M","A",8.36702059730522,3.34339055080349,"AH"
20190811,"66","A","A",9.89379115565586,4.09341793779721,"AH"
20190811,"56","S","A",8.98196079016484,3.88773371382117,"EH"
20190811,"58","S","A",7.41428316633225,3.18239929878817,"EH"
20190811,"71","A","A",0.13311185560432,0.0604473838457481,"EH"
20190811,"36","A","A",7.05758928481111,3.06407638993246,"AH"
20190811,"11","M","A",7.21224569305788,3.15159308785788,"AH"
20190811,"29","A","A",7.44326485998984,3.37648103527765,"EH"
20190811,"70","A","A",7.38753729813788,2.90073887191837,"AH"
20190811,"24","S","A",7.76660824211415,3.03765478158391,"AH"
20190811,"7","M","A",2.03200015416882,0.808702634983612,"EH"
20190811,"44","M","A",10.1247793095936,4.20231570680421,"EH"
20190811,"21","S","A",8.96807195382239,3.69563404690483,"AH"
20190811,"26","A","A",7.23852927667062,3.46341113716297,"AH"
20190811,"33","A","A",7.54903635084677,3.03960840898447,"AH"
20190811,"48","M","A",9.12689864695968,4.00614942560657,"AH"
20190811,"9","M","A",3.55672258268069,1.51485983834775,"EH"
20190811,"18","S","A",3.39203195059534,1.71777445168569,"EH"
20190811,"2","M","A",10.7912877194827,4.04370011971622,"EH"
20190811,"39","M","A",7.33061627981636,2.98721119796918,"EH"
20190811,"13","S","A",11.2074216644114,4.89169713771592,"EH"
20190811,"37","M","A",9.11878918892848,3.7575707476927,"EH"
20190811,"67","A","A",4.35342481644514,1.82312704611262,"EH"
20190811,"32","A","A",4.08542667366696,1.63192224326495,"EH"
20190811,"64","A","A",6.79665847528703,2.56316472983797,"EH"
20190811,"4","M","A",5.36803300695456,2.2627650724833,"AH"
20190811,"65","A","M",4.69342941268643,1.81853214715765,"EH"
20190811,"10","M","M",6.48288737767055,2.8219184754805,"AH"
20190811,"57","S","M",5.76000883352144,2.22155901014326,"AH"
20190811,"43","M","M",4.17802413951154,1.55889960016599,"EH"
20190811,"19","S","M",4.62720255132868,2.00920649210972,"AH"
20190811,"69","A","M",4.98111260291297,2.13060279578997,"AH"
20190811,"63","A","M",5.35712865812917,2.30381106284225,"EH"
20190811,"20","S","M",7.77212508952916,3.22598929141551,"EH"
20190811,"72","A","M",9.34511213198619,3.72612126474729,"AH"
20190811,"54","S","M",9.21617257798438,3.4564967788415,"EH"
20190811,"35","A","M",8.28364747435294,3.3285484091962,"EH"
20190811,"51","S","M",7.78098337795899,3.27207038602144,"AH"
20190811,"31","A","M",8.77969745476464,3.5259829135601,"EH"
20190811,"14","S","M",6.00834007335486,2.51056505223983,"AH"
20190811,"1","M","M",9.45068850570007,3.65283214736099,"EH"
20190811,"42","M","M",6.31807473901015,2.58760740164238,"AH"
20190811,"68","A","M",6.82519755859802,2.72499237101332,"EH"
20190811,"8","M","M",5.39985899845931,2.47889472002723,"EH"
20190811,"60","S","M",4.58435355885797,2.04465939985736,"AH"
20190811,"3","M","M",10.0262358219922,3.89940462373839,"EH"
20190811,"5","M","M",6.68068773356969,3.16037790287134,"AH"
20190811,"38","M","M",5.02014072614328,2.15899395686384,"EH"
20190811,"59","S","M",8.07903584919614,3.35678512731477,"EH"
20190811,"49","S","M",9.98764701974922,3.77636529755674,"EH"
20190811,"25","A","M",5.45941385097731,2.38321407861453,"AH"
20190811,"40","M","M",7.2593884813911,3.25711632347175,"AH"
20190811,"30","A","M",9.60452506110178,4.18012116397872,"AH"
20190811,"16","S","M",4.85875458716516,2.35227494806275,"AH"
20190811,"34","A","M",9.97560390155771,4.03652707103765,"AH"
20190811,"17","S","M",6.45706412452543,2.44410889181683,"EH"
20190811,"47","M","M",5.36744735539923,2.42007044730189,"AH"
20190811,"28","A","M",5.35504603240013,2.50548005258896,"EH"
20190811,"12","M","M",7.93694292030124,3.21319267161671,"AH"
20190811,"45","M","M",5.89607560960037,2.56499809002336,"EH"
20190811,"22","S","M",8.61287389286712,3.74889321641457,"EH"
20190811,"62","A","M",2.21424987190816,0.994026778091254,"AH"
20190814,"66","A","A",6.29841586867996,3.08510628160007,"AH"
20190814,"67","A","A",6.75201955006207,3.27467672309956,"EH"
20190814,"32","A","A",6.4161528944675,2.82649907245264,"EH"
20190814,"13","S","A",11.003184914808,4.85387041629606,"EH"
20190814,"61","A","A",4.77796944056724,2.16328227010289,"AH"
20190814,"50","S","A",10.4527807881352,4.81103749070354,"AH"
20190814,"2","M","A",10.0454404636288,4.26981034158208,"EH"
20190814,"26","A","A",7.40522599507075,3.14150525362417,"AH"
20190814,"6","M","A",6.51736213819946,2.70380101612405,"AH"
20190814,"44","M","A",6.4730476289968,2.97657003172753,"EH"
20190814,"15","S","A",9.16455138173998,3.64363486485222,"AH"
20190814,"36","A","A",7.9146710017304,3.41394867076797,"AH"
20190814,"7","M","A",7.54111065990354,3.26674990080535,"EH"
20190814,"21","S","A",4.85245237863673,2.2510216693846,"AH"
20190814,"55","S","A",8.5913194123497,3.58054525173176,"AH"
20190814,"37","M","A",5.25698865181311,2.52039728672054,"EH"
20190814,"58","S","A",11.4842002189002,4.8689373454919,"EH"
20190814,"64","A","A",4.1329400373801,1.7302288741474,"EH"
20190814,"23","S","A",2.66501278193906,1.24255893060413,"EH"
20190814,"52","S","A",4.58997461152988,2.10377732245717,"AH"
20190814,"11","M","A",6.08884332897258,2.5815984341053,"AH"
20190814,"9","M","A",8.37882878766044,2.52869436778646,"EH"
20190814,"41","M","A",2.57574542377229,1.1556185849427,"AH"
20190814,"48","M","A",6.59493183860908,3.16539846128109,"AH"
20190814,"70","A","A",9.29653370699658,3.79691429310988,"AH"
20190814,"4","M","A",8.73766152095638,3.55880679226173,"AH"
20190814,"46","M","A",8.2332451245748,3.94606486959065,"AH"
20190814,"56","S","A",9.85112719011973,3.80809830388616,"EH"
20190814,"27","A","A",8.75666055064078,3.81276947052574,"EH"
20190814,"29","A","A",6.31649949912507,3.06163805967932,"EH"
20190814,"18","S","A",4.86378394927019,2.40358310693124,"EH"
20190814,"24","S","A",8.88121664682234,2.6507138178846,"AH"
20190814,"33","A","A",7.57430918563502,3.33670008177754,"AH"
20190814,"71","A","A",5.03413214010029,2.18558558904499,"EH"
20190814,"39","M","A",9.44363417917315,4.16100595381173,"EH"
20190814,"51","S","M",8.56878074875941,4.07390526882381,"AH"
20190814,"49","S","M",7.28092614748437,3.17144203500916,"EH"
20190814,"20","S","M",11.3539424302792,4.7081405212179,"EH"
20190814,"72","A","M",8.13235893884093,3.48198051615454,"AH"
20190814,"45","M","M",5.7371376265252,2.66774676511118,"EH"
20190814,"34","A","M",6.31249264744201,3.07044445911355,"AH"
20190814,"10","M","M",7.5192251137883,3.54996726769631,"AH"
20190814,"5","M","M",4.59887447816461,2.11345334474476,"AH"
20190814,"8","M","M",2.9691969484747,1.48691144760028,"EH"
20190814,"40","M","M",7.07327622516781,2.88195418654128,"AH"
20190814,"17","S","M",8.98642309235184,3.35648272871707,"EH"
20190814,"43","M","M",6.71710647978546,3.15950445897717,"EH"
20190814,"69","A","M",9.40397564914095,4.27022103139599,"AH"
20190814,"59","S","M",5.87465869585295,2.46248093999704,"EH"
20190814,"3","M","M",5.87252765088695,2.65952542937566,"EH"
20190814,"12","M","M",9.14228796440745,3.58552343034979,"AH"
20190814,"30","A","M",9.14383507638471,3.89596722470588,"AH"
20190814,"1","M","M",9.23588486737101,3.46490053381989,"EH"
20190814,"65","A","M",7.36163779905702,2.81467947625274,"EH"
20190814,"57","S","M",9.63540342424686,4.10735711733158,"AH"
20190814,"25","A","M",8.01701720315392,3.36080650372096,"AH"
20190814,"19","S","M",6.26363357350797,3.10576288697987,"AH"
20190814,"38","M","M",8.07152208937251,3.42610474010058,"EH"
20190814,"54","S","M",6.75337065983164,3.00758750747116,"EH"
20190814,"60","S","M",8.34578604761218,3.74381071766484,"AH"
20190814,"62","A","M",7.37920185292415,3.09920279417226,"AH"
20190814,"42","M","M",2.81334507423822,1.47527271853079,"AH"
20190814,"16","S","M",4.38673406550218,2.10260460081587,"AH"
20190814,"35","A","M",6.75918107903579,2.8352269626828,"EH"
20190814,"68","A","M",9.51718991215152,4.37415530637134,"EH"
20190814,"28","A","M",2.75393210413481,0.913561819251885,"EH"
20190814,"22","S","M",9.02697871315625,3.90815895797606,"EH"
20190814,"63","A","M",2.04970364797444,0.963810492777949,"EH"
20190814,"31","A","M",4.76333222228012,2.3384056074031,"EH"
20190814,"14","S","M",7.54537515821752,3.16914207690674,"AH"
