"Date","Tank","Treatment","Salinity","Temperature","pH","CO2","pCO2","HCO3","CO3","DIC","TA","Aragonite.Sat"
20190626,"20190626_H1_T1","tray.Elevated",29.66,15.8744,7.21525938742564,107.934011016782,2881.82318848024,1974.02496979523,21.86773932294,2103.82672013495,2028.339569,0.343021600777517
20190626,"20190626_H1_T2","tray.Ambient",29.64,15.3913,7.7281424323376,31.5679561118093,830.598723479134,1859.38152851454,65.8330867502121,1956.78257137656,2023.227071,1.03102711562637
20190626,"20190626_H1_T3","tray.Elevated",29.66,15.7188,7.21674379175964,107.352185492982,2852.93951162185,1963.03813501175,21.6909334497574,2092.08125395449,2016.98614,0.340065590341629
20190626,"20190626_H1_T4","tray.Ambient",29.61,15.3904,7.82596466470147,25.0108532630339,657.943339086482,1844.68327693073,81.746637578028,1951.44076777179,2047.59655,1.28035847166522
20190626,"20190626_H1_T5","tray.Elevated",29.66,15.8691,7.20659118198676,109.359410823209,2919.41798196015,1960.33001326307,21.2825749869837,2090.97199907327,2013.265931,0.3338364672203
20190626,"20190626_H1_T6","tray.Ambient",29.61,15.3833,7.81556728744464,25.4578130606096,669.557574836781,1832.92736368056,79.2825728229204,1937.66774956409,2030.066188,1.24173529008876
20190626,"20190626_H1_T7","tray.Elevated",29.61,15.7869,7.29458513877267,90.13626729063,2399.64798692839,1973.81341870198,26.1258866305373,2090.07557262315,2038.662373,0.409751388245492
20190626,"20190626_H1_T8","tray.Ambient",29.61,15.3722,7.88207289657893,21.663242322494,569.566494575379,1817.36021431274,91.578654708482,1930.60211134372,2044.72442,1.4342647018104
20190626,"20190626_H2_T3","tray.Ambient",29.64,15.6145,7.69943879153213,33.7293988316699,893.462877619673,1869.2964723323,62.4834499161862,1965.50932108015,2024.736683,0.979308530783515
20190703,"20190703_H1_T1","tray.Elevated",29.53,17.1586,7.19492819205613,108.235483459229,2999.78790004023,1942.3567188363,21.4916678305628,2072.08387012609,1995.766932,0.338821851987552
20190703,"20190703_H1_T2","tray.Ambient",29.49,16.9018,7.70796394472733,31.2634781911136,859.772421438857,1816.87205498688,64.8052002371391,1912.94073341514,1978.431063,1.02081625750203
20190703,"20190703_H1_T3","tray.Elevated",29.49,16.9215,7.17089644164337,114.97894845428,3163.88178228784,1941.02646222447,20.1175552687269,2076.12296594748,1991.044044,0.316916370346254
20190703,"20190703_H1_T4","tray.Ambient",29.43,16.664,7.90344554517229,19.6429378976467,536.243267309498,1779.69996205674,98.5161894694849,1897.85908942388,2024.152877,1.5507514794291
20190703,"20190703_H1_T5","tray.Elevated",29.51,16.9605,7.1844635383915,111.467747711587,3071.12251902084,1943.60326987351,20.825097528484,2075.89611511358,1995.365312,0.328090157239319
20190703,"20190703_H1_T6","tray.Ambient",29.48,16.9082,7.72527290884158,30.0323574662016,826.025374733273,1816.35493821985,67.4200524431383,1913.80734812919,1984.322353,1.0620627944444
20190703,"20190703_H1_T7","tray.Elevated",29.51,16.967,7.23825986586683,99.4413798723231,2740.29608415643,1962.84349338636,23.8105196842905,2086.09539294297,2021.894727,0.375133225064753
20190703,"20190703_H1_T8","tray.Ambient",29.4,16.8606,7.88043047056312,20.6837667331396,567.848467237777,1784.63236048832,94.3216169396057,1899.63774416106,2018.717373,1.4859339098155
20190703,"20190703_H2_T2","tray.Ambient",29.43,16.5617,7.78627935788538,26.0521842591983,709.064047915491,1798.07370114546,75.7021571739545,1899.82804257861,1986.67,1.19118831510761
20190709,"20190709_H1_T1","tray.Elevated",29.08,16.9942,7.23154780272489,101.113390882063,2781.98581100503,1957.1122494505,23.1422144697414,2081.3678548023,2014.43409,0.365103864241834
20190709,"20190709_H1_T2","tray.Ambient",28.99,16.1984,7.63712411126173,39.155830292906,1051.69717109487,1891.80457071989,55.0868002420379,1986.04720125484,2028.289303,0.866734656428466
20190709,"20190709_H1_T3","tray.Elevated",29.02,16.777,7.24206972434317,99.0855844848923,2707.90799758306,1953.94560829034,23.4398203496931,2076.47101312493,2012.024627,0.36955941394589
20190709,"20190709_H1_T4","tray.Ambient",29.02,16.2048,7.65273680267747,37.6094475502563,1010.52332808099,1884.51399685671,56.9414530135462,1979.06489742052,2025.646649,0.895863332516038
20190709,"20190709_H1_T5","tray.Elevated",29.04,16.6968,7.24100951203288,100.077711377541,2728.85324624073,1965.55796462985,23.4620627841693,2089.09773879156,2023.638955,0.369778364440731
20190709,"20190709_H1_T6","tray.Ambient",29.02,16.1299,7.67089837160759,36.2354008082789,971.431249108146,1889.95226951137,59.3743470405384,1985.56201736019,2036.96873,0.933886938647005
20190709,"20190709_H1_T7","tray.Elevated",29.07,16.7727,7.10651745068972,133.857629063637,3658.75358646353,1932.82992467938,16.9893453988667,2083.67689914188,1975.039348,0.267817136726276
20190709,"20190709_H1_T8","tray.Ambient",29.04,16.186,7.68427560753185,34.9043202450589,937.417894347352,1880.31464581201,61.0818998709214,1976.30086592799,2031.636891,0.96088723512402
20190709,"20190709_H2_T2","tray.Ambient",29.06,16.2024,7.62489262940891,40.062881919078,1076.60664394524,1883.52374564458,53.4278904928589,1977.01451805652,2016.096423,0.84048489092968
20190709,"20190709_T0","Ambient.headtank",29.01,16.4331,7.82277816360458,24.8902424565238,673.292339244771,1854.35268158491,83.5863127971963,1962.82923683863,2060.724459,1.31620192412257
20190709,"20190709_T1","Severe.headtank",29.08,16.3999,6.99984344195651,181.054762344288,4894.76698660226,2027.91436100773,13.7498501095998,2222.71897346162,2061.759735,0.216445316574925
20190709,"20190709_T1_tank","Severe.headtank",29.08,17.2165,7.0161893230662,171.59658742054,4752.16067749018,2032.98287397471,14.7651156312936,2219.34457702655,2069.272116,0.23313976339691
20190709,"20190709_T2","Moderate.headtank",28.99,16.3635,7.24208830246916,102.42351602514,2764.59542814732,2000.25382421298,23.6025249901616,2126.27986522828,2058.506974,0.371585454423799
20190709,"20190709_T2_tank","Moderate.headtank",28.99,17.205,7.23150796745257,104.88927916162,2902.34197267743,2037.62642986659,24.2292484450871,2166.7449574733,2097.142046,0.382659844511161
20190714,"20190714_1","tank.Moderate",29.07,16.5,7.26121893671409,97.8221893226351,2652.29529967163,2004.45374619657,24.8980717296794,2127.17400724888,2065.878334,0.392091744218043
20190714,"20190714_10","tank.Moderate",29.17,16.5,7.22641988396001,106.188397312279,2880.73019944635,2010.57949607708,23.111036230256,2139.87892961962,2067.599938,0.363847444221855
20190714,"20190714_11","tank.Moderate",29.16,16.5,7.23685959978623,103.632693543344,2811.24129489973,2009.70508485989,23.6568852079447,2136.99466361117,2068.070868,0.372451523590204
20190714,"20190714_12","tank.Moderate",29.07,16.5,7.23511964714853,103.596161741397,2808.84923924966,1998.95508608607,23.3815566451114,2125.93280447258,2056.67913,0.368209852837175
20190714,"20190714_13","tank.Severe",29.19,16.5,7.00022604105851,180.323399322396,4892.48118666495,2028.61234781243,13.8588958480598,2222.79464298289,2062.735062,0.218174468320414
20190714,"20190714_14","tank.Severe",29.18,16.5,7.00196599369621,179.469613408542,4869.04628230591,2026.88706449382,13.8990930108501,2220.25577091321,2061.113439,0.218813479559108
20190714,"20190714_15","tank.Severe",29.18,16.5,6.9967461357831,181.767648208276,4931.39362996506,2028.31477381862,13.7427107633669,2223.82513279027,2062.149503,0.216351553181152
20190714,"20190714_16","tank.Severe",29.16,16.5,6.98978632523229,184.856824424032,5014.64952444279,2029.54067122762,13.5253874702119,2227.92288312186,2062.830827,0.212942284081274
20190714,"20190714_17","tank.Severe",29.18,16.5,7.00022604105851,180.186820478472,4888.50462603011,2026.85039079348,13.843268757618,2220.88048002957,2060.938726,0.217934638106362
20190714,"20190714_18","tank.Severe",29.18,16.5,7.01936552007325,172.151318002306,4670.49583308305,2023.71104580371,14.4445806693235,2210.30694447534,2059.29774,0.227401094054093
20190714,"20190714_19","tank.Severe",29.17,16.5,7.00544589897162,178.325386285539,4837.73452404745,2029.94079568619,14.0283811064941,2222.29456307822,2064.47566,0.220855117066791
20190714,"20190714_2","tank.Moderate",29.12,16.5,7.23685959978623,103.303484798514,2801.68974513672,2002.42782532436,23.5467657493872,2129.27807587226,2060.55215,0.370759611786043
20190714,"20190714_20","tank.Severe",29.18,16.5,6.99848608842081,180.741841656288,4903.56275186929,2024.96453596682,13.7750894126554,2219.48146703576,2058.890219,0.216861290392689
20190714,"20190714_21","tank.Severe",29.18,16.5,7.00022604105851,180.614072191053,4900.09627374172,2031.65637659374,13.87609335749,2226.14654214228,2065.810361,0.218451395919805
20190714,"20190714_22","tank.Severe",29.16,16.5,6.9950061831454,182.116808118199,4940.3190909871,2023.63488988649,13.6490986631366,2219.40079666782,2057.25012,0.214889980148823
20190714,"20190714_23","tank.Severe",29.2,16.5,7.01762556743555,173.155876599906,4698.27080886638,2027.83224818348,14.4236011467571,2215.41172593015,2063.356099,0.227057926293323
20190714,"20190714_24","tank.Severe",29.19,16.5,7.00544589897162,178.325774817795,4838.28119956075,2030.3969691262,14.0388127265921,2222.76155667058,2064.95902,0.221006820171962
20190714,"20190714_25","tank.Ambient",29.16,16.5,7.70142695405316,33.6600061570692,913.087259432232,1902.46681712399,65.269408354385,2001.39623163544,2063.686489,1.02759473074071
20190714,"20190714_26","tank.Ambient",29.18,16.5,7.72230638570561,31.9570352411919,866.987070775457,1895.59475051596,68.2720273463087,1995.82381310346,2064.234453,1.07480681282862
20190714,"20190714_27","tank.Ambient",29.18,16.5,7.72752624361872,31.5830996078398,856.842248148907,1896.06675564639,69.114756727805,1996.76461198203,2066.74715,1.08807390501571
20190714,"20190714_28","tank.Ambient",29.15,16.5,7.74318581735806,30.4669629646766,826.424236132486,1895.5818884096,71.578290688459,1997.62714206273,2072.22943,1.12695294150284
20190714,"20190714_29","tank.Ambient",29.21,16.5,7.73796595944495,30.7178709963574,833.50725396695,1889.62034331382,70.6104844208781,1990.94869873106,2064.059855,1.11152645696251
20190714,"20190714_3","tank.Moderate",29.09,16.5,7.22989978923542,105.002254244115,2847.28919200725,2002.32806921246,23.153222834923,2130.4835462915,2059.476778,0.364593695119197
20190714,"20190714_30","tank.Ambient",29.19,16.5,7.74492576999576,30.1044755762431,816.772642450207,1881.38541934787,71.4014562202668,1982.89135114438,2057.864818,1.12404154839947
20190714,"20190714_31","tank.Ambient",29.19,16.5,7.73622600680724,30.845546312835,836.878898699701,1889.46743457432,70.2860186232697,1990.59899951043,2063.105755,1.10648170760569
20190714,"20190714_32","tank.Ambient",29.19,16.5,7.72230638570561,31.888226325974,865.168229922999,1891.72362349525,68.1502727443127,1991.76212256554,2060.134837,1.07285960475439
20190714,"20190714_33","tank.Ambient",29.12,16.5,7.75014562790887,29.8079158330128,808.412967465351,1883.90734262075,72.230389826563,1985.94564828032,2062.304344,1.13731590895654
20190714,"20190714_34","tank.Ambient",29.17,16.5,7.73970591208265,30.576848007629,829.496821990439,1887.6563170578,70.7468524922486,1988.98001755768,2062.428058,1.11379953757098
20190714,"20190714_35","tank.Ambient",29.18,16.5,7.7188264804302,32.1914643320882,873.347100385247,1894.26110904202,67.6795152979701,1994.13208867208,2061.480922,1.06547889316678
20190714,"20190714_36","tank.Ambient",29.2,16.5,7.73274610153183,31.1235610854274,844.468606925856,1891.49242410511,69.8179060383488,1992.43389122888,2063.968586,1.09908120738445
20190714,"20190714_4","tank.Moderate",29.11,16.5,7.25077922088787,100.090501254776,2714.39921050583,2003.11515030264,24.3157216189362,2127.52137317635,2063.12544,0.382878092062153
20190714,"20190714_5","tank.Moderate",29.14,16.5,7.25947898407638,98.1318603072205,2661.72379830944,2004.32518986644,24.8420496409579,2127.29909981461,2065.63109,0.391132706068247
20190714,"20190714_6","tank.Moderate",29.13,16.5,7.25599907880098,99.0281663368531,2685.88659223189,2006.26622473287,24.6612551350361,2129.95564620476,2067.11388,0.38829707224914
20190714,"20190714_7","tank.Moderate",29.15,16.5,7.25251917352557,99.7884951943797,2706.80873577099,2005.98284929904,24.4736837811521,2130.24502827457,2066.375939,0.385321997232699
20190714,"20190714_8","tank.Moderate",29.18,16.5,7.24207945769935,102.03260967719,2768.14212847241,2003.0467353905,23.8759937518112,2128.9553388195,2061.993064,0.375879869764667
20190714,"20190714_9","tank.Moderate",29.18,16.5,7.21250026285838,109.50542393089,2970.88175976601,2008.20721804276,22.3614366953049,2140.07407866895,2063.397072,0.352036191672417
20190716,"20190716_11","tank.Moderate",29.11,16.915,7.15936778559601,121.561048226457,3337.34924336263,1989.70831812235,19.8805182816046,2131.14988463041,2038.822972,0.313524829866235
20190716,"20190716_14","tank.Severe",29.14,16.959,6.99577623800654,178.04780618804,4895.31696774184,2002.24649982309,13.7603653477452,2194.05467135888,2036.177478,0.217024495723475
20190716,"20190716_16","tank.Severe",29.13,16.985,6.95566468374429,195.663907389928,5383.48906023868,2007.18246493166,12.5864944708741,2215.43286679246,2038.184094,0.198535757264711
20190716,"20190716_23","tank.Severe",29.14,17.014,6.95201699117877,197.275638650076,5432.76426675034,2008.3287872329,12.505385838202,2218.10981172118,2039.125452,0.197272303856404
20190716,"20190716_26","tank.Ambient",29.01,16.984,7.79292881007625,26.1447620291985,718.835068167869,1841.3327017825,79.130406228115,1946.60787003981,2037.008207,1.24860436631178
20190716,"20190716_28","tank.Ambient",29.14,16.997,7.78586542903436,26.5389255364415,730.475643317379,1842.15587773847,78.1908841878925,1946.8856874628,2035.645267,1.23338091988295
20190716,"20190716_32","tank.Ambient",29.14,17.007,7.77361844466366,27.3592914426958,753.27741290388,1846.71126332204,76.2337076205971,1950.30426238533,2035.362215,1.20255393417179
20190716,"20190716_5","tank.Moderate",29.09,16.883,7.17869638125316,115.993124823007,3181.13385375881,1983.09858794843,20.6802811834411,2119.77199395488,2034.217355,0.326116828064402
20190716,"20190716_7","tank.Moderate",29.09,16.933,7.16619661684466,119.470948050217,3281.34238756488,1986.85394621265,20.1699617160646,2126.49485597893,2036.690927,0.318129296405322
20190716,"20190716_H1_T1","tray.Elevated",29.17,17.412,7.28265713128791,85.9184244662066,2394.21039654322,1890.26138621076,25.6055481720641,2001.78535884903,1954.069211,0.404506840604316
20190716,"20190716_H1_T2","tray.Ambient",29.15,17.403,7.60361215165479,39.9058436811572,1111.59968068668,1837.56505258234,52.0758243729264,1929.54672063642,1967.243879,0.822694384446735
20190716,"20190716_H1_T3","tray.Elevated",29.16,17.433,7.25475753117132,92.8635406301521,2589.1890518879,1916.62538937421,24.3603550991018,2033.84928510347,1977.175867,0.384878399571285
20190716,"20190716_H1_T6","tray.Ambient",29.17,16.904,7.69286293196174,32.2902701813057,886.498628255776,1806.10993312814,61.7123361348911,1900.11253944433,1960.021869,0.973023366666651
20190717,"20190717_1","tank.Moderate",28.78,16.86,7.19738303352376,111.926648743687,3062.27708278772,1989.71394138507,21.4684549242735,2123.10904505303,2042.67574,0.338809817484438
20190717,"20190717_19","tank.Severe",29.12,16.897,6.95212226948443,198.27551482933,5440.93711505296,2013.21486797485,12.4766510522713,2223.96703385645,2043.929453,0.19674349833233
20190717,"20190717_22","tank.Severe",29.11,16.88,6.95049118230429,200.207788047635,5490.90862449194,2024.20893558331,12.4864292380486,2236.903152869,2054.914852,0.19689074510073
20190717,"20190717_24","tank.Severe",29.1,16.888,6.94522819696389,201.386638347245,5524.23691541708,2011.74159203464,12.2605976386582,2225.38882802055,2041.92255,0.193341094259492
20190717,"20190717_3","tank.Moderate",29.05,16.886,7.17287113401147,118.161588747672,3240.17513355018,1992.50001718674,20.4825188900988,2131.14412482451,2043.07635,0.323038663862131
20190717,"20190717_31","tank.Ambient",29.09,16.926,7.79979037126257,25.840597520286,709.57438724875,1848.12430794944,80.6767378465426,1954.64164331627,2047.509971,1.27243454587483
20190717,"20190717_34","tank.Ambient",29.1,16.927,7.80325596170397,25.5094848486827,700.541441329611,1839.30708948568,80.95922271659,1945.77579705096,2039.550706,1.27685815876478
20190717,"20190717_36","tank.Ambient",29.1,16.869,7.81247855085173,25.0026999139944,685.452288185323,1839.04346107614,82.5025895323837,1946.54875052251,2043.04965,1.30091548761447
20190717,"20190717_8","tank.Moderate",29.06,16.853,7.15398696983035,123.739134980057,3390.01180496886,1996.49861734146,19.6307558269467,2139.86850814847,2044.959749,0.309557887088825
20190717,"20190717_H1_T1","tray.Elevated",29.22,17.357,7.28058947173575,87.0842110549936,2423.47041412973,1905.51795468195,25.6692448376095,2018.27141057455,1969.404391,0.405366980353241
20190717,"20190717_H1_T2","tray.Ambient",29.17,17.325,7.65905888399588,34.8208209519255,967.852389611357,1818.98319189843,58.4261328816857,1912.23014573204,1964.546537,0.922684640424099
20190717,"20190717_H1_T3","tray.Elevated",29.15,17.278,7.26035119805479,91.4261675424722,2537.45643580056,1904.57154009568,24.3706428299309,2020.36835046808,1965.232915,0.384822336925248
20190717,"20190717_H1_T4","tray.Ambient",29.17,17.252,7.64234029985576,36.6983031441847,1017.86221454264,1841.64020396327,56.7622634726201,1935.10077058008,1982.811687,0.896157181179481
20190717,"20190717_H1_T5","tray.Elevated",29.17,17.276,7.21177737099009,105.512828100868,2928.57587685566,1965.78231493693,22.5021288262295,2093.79727186403,2021.473445,0.355294132741885
20190717,"20190717_H1_T6","tray.Ambient",29.18,17.085,7.68025082808662,33.0830939115209,913.160952885802,1805.0558364838,60.3407430479084,1898.47967344323,1955.584719,0.952019841037266
20190717,"20190717_H1_T7","tray.Elevated",29.18,17.237,7.23114789360251,99.3952298364752,2755.78152623469,1934.78979810109,23.129236039785,2057.31426397735,1992.208371,0.365130465631896
20190717,"20190717_H1_T8","tray.Ambient",29.17,17.146,7.73179763634414,29.5035637075496,815.771799322455,1814.90794830142,68.4567813115734,1912.86829332054,1985.146499,1.0803517387416
20190723,"20190723_1","tank.Moderate",28.82,17.782,7.24886551220224,96.4450261981376,2711.41131957996,1971.54734231295,24.8296273811894,2092.82199589228,2032.808376,0.393221874266292
20190723,"20190723_19","tank.Severe",29.05,17.788,7.00111240721337,172.169009581835,4847.28427931287,1994.8561396407,14.2897024803328,2181.31485170287,2030.061482,0.226156231836702
20190723,"20190723_22","tank.Severe",28.98,17.757,6.99263768458272,176.176892671904,4953.761797662,1998.89586050003,13.9999203543006,2189.07267352624,2033.361935,0.221588614311466
20190723,"20190723_24","tank.Severe",29.04,17.785,6.98034333582113,181.086514438359,5097.63110053942,1999.84348252493,13.6513691999753,2194.58136616326,2033.450585,0.216057486315165
20190723,"20190723_3","tank.Moderate",28.99,17.814,7.25210896507843,95.3608711735637,2685.9273950232,1969.16685768062,25.1270182859786,2089.65474714017,2031.215656,0.397784937592623
20190723,"20190723_31","tank.Ambient",29.06,17.805,7.75276208470595,28.2547390011294,795.913476047813,1848.88753930186,74.8280845930881,1951.97036289607,2033.829187,1.18431257589543
20190723,"20190723_34","tank.Ambient",29.05,17.802,7.75278797596138,28.3940614610682,799.724607910898,1857.78308993333,75.164492210715,1961.34164360512,2043.380003,1.18965818975832
20190723,"20190723_36","tank.Ambient",29.04,17.786,7.75812285083858,27.8920813388955,785.178725961629,1846.63049364517,75.5711779277756,1950.09375291184,2033.403604,1.19605463790034
20190723,"20190723_8","tank.Moderate",29.03,17.778,7.25409003289563,94.9650995832157,2672.57690218144,1969.26559342318,25.234980208043,2089.46567321444,2031.593564,0.39938974105346
20190723,"20190723_H1_T1","tray.Elevated",29.19,18.835,7.20881147979689,102.204253661978,2967.5927842382,1958.05811202857,23.6273885702645,2083.88975426081,2016.437553,0.375372068327046
20190723,"20190723_H1_T2","tray.Ambient",29.14,18.212,7.54860265522253,45.4388223730973,1295.68070245671,1876.69230133625,48.3043205526157,1970.43544426196,1996.484283,0.765578998246078
20190723,"20190723_H1_T3","tray.Elevated",29.15,18.564,7.20892084214101,103.660145870132,2986.03387883025,1973.82707390089,23.5566632524398,2101.04388302346,2031.958253,0.373875960137037
20190723,"20190723_H1_T4","tray.Ambient",29.12,18.089,7.59110961427333,40.776802123545,1158.50363557127,1851.86054696918,52.2950342341283,1944.93238332686,1981.752928,0.828468239940465
20190723,"20190723_H1_T5","tray.Elevated",29.17,18.545,7.1779499628803,110.181031134625,3172.49917176977,1953.20991481058,21.7018243939769,2085.09277033919,2006.885106,0.344388742394007
20190723,"20190723_H1_T6","tray.Ambient",29.11,17.864,7.62236812483024,38.150967706778,1076.81763235661,1852.43651400059,55.7235907461959,1946.31107245357,1990.759809,0.882018071697169
20190723,"20190723_H1_T7","tray.Elevated",29.16,18.55,7.17618890330006,109.048619930396,3140.17017721772,1925.30925712174,21.3037553045652,2055.6616323567,1978.143682,0.338089253450168
20190723,"20190723_H1_T8","tray.Ambient",29.12,17.934,7.6598857487014,34.5408271919581,976.950770475662,1831.52089136292,60.2407291491849,1926.30244770406,1981.193482,0.953754068148369
20190724,"20190724_10","tank.Moderate",29.07,17,7.28808164493447,89.7492525744406,2469.59997910263,1978.70058832255,26.6493188561491,2095.09915975314,2044.537308,0.420455094139473
20190724,"20190724_11","tank.Moderate",29.08,17,7.28460773639399,90.0422881642739,2477.80025752121,1969.56545266751,26.3217885064442,2085.92952933823,2034.655362,0.415275637418234
20190724,"20190724_14","tank.Severe",29.09,17,7.00669505315516,174.04190822146,4789.6251013887,2007.76826897488,14.1533326366205,2195.96350983296,2042.644771,0.223288989409305
20190724,"20190724_18","tank.Severe",29.09,17,7.00669505315516,174.333384950324,4797.6466776482,2011.13077938021,14.1770359339562,2199.64120026449,2046.054688,0.223662942699576
20190724,"20190724_23","tank.Severe",29.09,17,7.0084320074254,173.79844033621,4782.92475140275,2012.99445712062,14.2470405611947,2201.03993801802,2048.085359,0.224767365443772
20190724,"20190724_25","tank.Ambient",29.12,17,7.75705929790001,28.6240718462702,787.851279869164,1859.0920096206,73.8156794389581,1961.53176090583,2041.637499,1.16444699648034
20190724,"20190724_32","tank.Ambient",29.1,17,7.76748102352146,27.8302333183785,765.916934870586,1851.0198786237,75.241074919626,1954.0911868617,2037.151637,1.18700105620274
20190724,"20190724_35","tank.Ambient",29.09,17,7.75358538935952,28.5845829930368,786.634041157085,1841.11936970898,72.4631836462948,1942.16713634831,2020.658293,1.14320997472335
20190724,"20190724_4","tank.Moderate",29.04,17,7.2811338278535,91.1406610718602,2507.4717975424,1976.82296564946,26.1810638141642,2094.14469053548,2041.510659,0.413102703697391
20190725,"20190725_12","tank.Moderate",29.15,16.5,7.29493104606121,89.6022561979348,2430.49968528487,1985.99229836818,26.7153926275068,2102.30994719362,2052.018679,0.420616223374366
20190725,"20190725_17","tank.Severe",29.15,16.6,7.00526570938431,177.547391365614,4830.3843380385,2024.40226056149,14.0304544186398,2215.98010634574,2058.95167,0.220981615998972
20190725,"20190725_20","tank.Severe",29.14,16.6,6.98961154015706,184.058502716692,5007.25294015422,2024.11803033401,13.5283206753962,2221.7048537261,2057.424154,0.213078979901966
20190725,"20190725_21","tank.Severe",29.15,16.5,6.98521947654992,186.612335156866,5061.99208950042,2027.1570330898,13.3647187636073,2227.13408701027,2060.055596,0.210418675524951
20190725,"20190725_27","tank.Ambient",29.16,16.5,7.7438388265888,30.1043237017829,816.63276734567,1876.04670941047,70.9656369516912,1977.11667006394,2051.530605,1.1172755573219
20190725,"20190725_28","tank.Ambient",29.14,16.6,7.73927231092913,30.752139352669,836.588444989965,1900.2732437751,71.364935887285,2002.39031901505,2076.297057,1.1240395688792
20190725,"20190725_30","tank.Ambient",29.13,16.5,7.73687901603799,30.8250299016477,836.044274504555,1889.78878891891,70.2942529434496,1990.90807176401,2063.396222,1.10679900371754
20190725,"20190725_5","tank.Moderate",29.01,16.6,7.2905194597477,91.0678861316762,2475.66550885982,1999.50193391766,26.6299701580682,2117.1997902074,2065.185883,0.419590783239216
20190725,"20190725_7","tank.Moderate",29.14,16.5,7.28275137759728,92.2496260470411,2502.17279215453,1987.90286913014,25.9948188143085,2106.14731399149,2052.141344,0.409282807720942
20190726,"20190726_13","tank.Severe",29.21,17.2,7.00620150912644,175.504747935339,4861.5306065662,2034.20206009816,14.4777821306182,2224.18459016411,2069.798097,0.2285015229252
20190726,"20190726_15","tank.Severe",29.2,17.1,7.00870074072502,174.436224283771,4817.5212461657,2028.68492800734,14.462971851304,2217.58412414241,2064.267354,0.228187684572409
20190726,"20190726_19","tank.Severe",29.19,17,6.99904264682122,178.281464204226,4909.01011027667,2023.00823335976,14.0480961096218,2215.33779367361,2057.588162,0.221564671238946
20190726,"20190726_2","tank.Moderate",29.08,17,7.26827055870884,94.8611159898239,2610.40700469727,1998.36560850622,25.7206977946848,2118.94742229073,2061.803081,0.405792302788031
20190726,"20190726_26","tank.Ambient",29.19,17,7.68861349210757,34.3627824058242,946.170310116194,1907.87811101516,64.8248156183051,2007.06570903929,2067.8515,1.02240822162069
20190726,"20190726_29","tank.Ambient",29.18,16.9,7.72262494264444,31.6084212823647,867.724804501843,1893.41728358186,69.2919275034164,1994.31763236764,2064.479973,1.0924834117987
20190726,"20190726_3","tank.Moderate",29.17,17,7.27348142151956,93.2797398263052,2568.16612328318,1990.76923350081,25.9928723694182,2110.04184569653,2054.945487,0.409979895739182
20190726,"20190726_33","tank.Ambient",29.16,17.1,7.71539756613396,32.0760768795453,885.657182273101,1897.85364790625,68.7942281488316,1998.72395293463,2067.579057,1.08551893121508
20190726,"20190726_6","tank.Moderate",29.16,17,7.27695533006005,93.1685246896115,2564.96247138199,2004.14143690901,26.3707800393412,2123.68074163796,2069.163516,0.415952615338792
20190727,"20190727_1","tank.Moderate",28.88,17.78,7.23470083406836,100.675863246265,2831.12535771619,1993.2565511929,24.3337330828288,2118.26614752199,2053.191591,0.385298477866596
20190727,"20190727_10","tank.Moderate",29.32,17.92,7.23885758112029,98.7227237888322,2794.22291052318,1989.28799868137,24.932626756276,2112.94334922648,2050.818527,0.394479644361864
20190727,"20190727_11","tank.Moderate",29.22,17.86,7.25488971834926,94.8116977040709,2677.39993327577,1977.49124564644,25.5920611315101,2097.89500448202,2040.692553,0.404941424267921
20190727,"20190727_12","tank.Moderate",29.23,17.83,7.25165021589529,95.759533745132,2701.96632341506,1981.315723429,25.4286601932852,2102.50391736742,2044.097761,0.402296027903875
20190727,"20190727_13","tank.Severe",29.24,17.87,6.98119654455007,181.145176622421,5117.47385238402,2012.70063948048,13.882457292145,2207.72827339505,2046.861118,0.219656443087739
20190727,"20190727_14","tank.Severe",29.24,17.87,6.97946478287901,182.01781604746,5142.12699855796,2014.34821277809,13.838529611892,2210.20455843744,2048.394615,0.218961393371797
20190727,"20190727_15","tank.Severe",29.25,17.88,6.98113111777807,181.135433458846,5118.96097898513,2012.95969301565,13.8910125852749,2207.98613905977,2047.141329,0.219793773492967
20190727,"20190727_16","tank.Severe",29.2,17.92,6.97567502438253,184.137472342123,5208.39743901565,2021.4478159346,13.7784721918836,2219.36376046861,2055.314212,0.218080920485751
20190727,"20190727_17","tank.Severe",29.21,17.88,6.98113111777807,181.101667001282,5116.88283394693,2011.69110523612,13.8678804837977,2206.6606527212,2045.814004,0.219454564047656
20190727,"20190727_18","tank.Severe",29.24,17.88,6.97922624539495,181.931436491527,5141.17451817143,2012.73394365744,13.8250862755449,2208.49046642451,2046.751767,0.218757331624226
20190727,"20190727_19","tank.Severe",29.25,17.95,6.98932957657414,177.195383826079,5017.76025275202,2009.82201889441,14.1712119042355,2201.18861462472,2044.703296,0.224289453556319
20190727,"20190727_2","tank.Moderate",29.15,17.89,7.23908044886766,98.7704889506275,2790.54437877249,1986.1953465592,24.7690286011792,2109.73486411101,2047.299806,0.392048509524901
20190727,"20190727_20","tank.Severe",29.19,17.92,6.98606380951691,178.535238450753,5049.65587173344,2007.17299604425,14.0087548022892,2199.71698929729,2041.654217,0.221732508541376
20190727,"20190727_21","tank.Severe",29.19,17.92,6.98433234532785,179.355524957631,5072.85715173897,2008.37197609467,13.9613500743858,2201.68885112669,2042.731923,0.220982179951641
20190727,"20190727_22","tank.Severe",29.18,17.91,6.98612941225485,178.737697340316,5053.64278979095,2009.08296897364,14.0152551188243,2201.83592143278,2043.573101,0.221833338338571
20190727,"20190727_23","tank.Severe",29.2,17.88,6.98632622427752,178.50047947093,5043.11002746878,2006.43492880218,13.994468747308,2198.92987702042,2040.886991,0.22146452232368
20190727,"20190727_24","tank.Severe",29.2,17.87,6.98466006789218,179.94013840541,5082.31368073247,2014.42487255904,13.9910928487411,2208.35610381319,2048.842786,0.2214023337173
20190727,"20190727_25","tank.Ambient",29.29,17.96,7.75100341929965,28.2696207864299,800.923833628355,1853.47971018228,75.6006100849772,1957.34994105368,2040.369381,1.19643987499486
20190727,"20190727_26","tank.Ambient",29.19,17.88,7.7569336883615,27.9427331111832,789.399621184871,1851.88389415516,76.1447507338302,1955.97137800017,2040.059214,1.20503849392033
20190727,"20190727_27","tank.Ambient",29.18,17.8,7.7628669710144,27.6246205666605,778.563767011323,1852.48019057838,76.9632347225331,1957.06804586758,2042.642154,1.21764327503935
20190727,"20190727_28","tank.Ambient",29.17,17.87,7.77261162822298,26.961762211777,761.38244248061,1851.73116597631,78.8664392834554,1957.55936747154,2046.497169,1.24813721059762
20190727,"20190727_29","tank.Ambient",29.17,17.84,7.77288950432362,26.8269826496429,756.91852788029,1842.42460281913,78.4310449404836,1947.68263040926,2036.310484,1.24109927468766
20190727,"20190727_3","tank.Moderate",29.15,17.89,7.2286905928717,100.930764251735,2851.57891438479,1981.6568923256,24.1282387020307,2106.71589527937,2041.210623,0.381905975115302
20190727,"20190727_30","tank.Ambient",29.16,17.75,7.7737232683716,26.9321663899803,757.864794659763,1849.28860179726,78.5854204762447,1954.80618866349,2043.438025,1.24313800577648
20190727,"20190727_31","tank.Ambient",29.19,18.01,7.75919866653342,27.6826134262026,784.995763204705,1849.5664628621,76.8246283389238,1954.07370462723,2039.401844,1.21642640988604
20190727,"20190727_32","tank.Ambient",29.19,18,7.74890490790456,28.5035444844346,808.041583791348,1859.39512320764,75.3952414147068,1963.29390910678,2045.592159,1.19374616623626
20190727,"20190727_33","tank.Ambient",29.17,17.93,7.74781627757868,28.5528084862074,807.713671855862,1854.64989981338,74.7770754646922,1957.97978376428,2039.428564,1.18370090064579
20190727,"20190727_34","tank.Ambient",29.18,17.95,7.74936402035049,28.5249619294116,807.436994720728,1860.48872696525,75.3569110747563,1964.37059996942,2046.577421,1.19293812380841
20190727,"20190727_35","tank.Ambient",29.18,17.97,7.73533103364279,29.5427371676685,836.730105901319,1866.4331056331,73.2494879511229,1969.22533075189,2047.30152,1.1596688452796
20190727,"20190727_36","tank.Ambient",29.15,17.86,7.74672693339033,28.695489618318,810.018385989655,1855.94604473001,74.4054922769827,1959.04702662531,2039.8003,1.17756301284925
20190727,"20190727_4","tank.Moderate",29.22,17.77,7.22957789008307,101.298853556194,2853.14356927402,1989.18772932755,24.2031936588294,2114.68977654258,2048.912147,0.382829597714708
20190727,"20190727_5","tank.Moderate",29.2,17.82,7.22920816143405,101.218933823766,2854.71365074673,1987.69639330863,24.1977791104041,2113.1131062428,2047.406302,0.382842588431674
20190727,"20190727_6","tank.Moderate",29.22,17.88,7.22530112325188,101.813241334635,2876.78466392955,1984.54684926594,24.0100297000147,2110.37012030059,2043.812031,0.379939098338597
20190727,"20190727_7","tank.Moderate",29.2,17.85,7.22379069693677,102.702080815672,2899.06195564274,1993.14924794558,23.9906356942655,2119.84196445552,2052.316549,0.37961027209701
20190727,"20190727_8","tank.Moderate",29.22,17.93,7.21627503316528,104.25747822807,2950.11276417399,1992.60173096901,23.6564038920292,2120.51561308911,2050.947827,0.374417424584688
20190727,"20190727_9","tank.Moderate",29.24,17.97,7.20905632362864,108.038536439856,3060.97716441337,2033.08334040543,23.7874534934962,2164.90933033878,2091.535232,0.376528309737409
20190728,"20190728_10","tank.Moderate",29.14,17.37,7.25769344235182,94.7892822493323,2637.73632983305,1966.42299452257,25.0896445026834,2086.30192127458,2028.477388,0.396327623572888
20190728,"20190728_12","tank.Moderate",29.12,17.28,7.25839088952778,94.9208794558275,2634.16869312571,1967.89747982614,25.0499409323732,2087.86830021434,2029.848393,0.395586533340312
20190728,"20190728_19","tank.Severe",29.14,17.21,6.99857873332773,175.742481512967,4867.66242103334,2000.40812184337,13.9694879389837,2190.12009129532,2034.848813,0.220532872197502
20190728,"20190728_20","tank.Severe",29.14,17.23,7.00538395714401,172.204690889767,4772.46611592071,1991.9913766624,14.1411518033179,2178.33721935549,2026.884718,0.223259976550061
20190728,"20190728_24","tank.Severe",29.11,17.26,6.99823601553521,175.295589781319,4861.59223551939,1995.32271737416,13.9386139962867,2184.55692115177,2029.696621,0.220106921677315
20190728,"20190728_25","tank.Ambient",29.15,17.36,7.81290751776358,24.4794036461418,681.030774822896,1823.40685404924,83.5339305236043,1931.42018821899,2030.133667,1.31945081278118
20190728,"20190728_26","tank.Ambient",29.09,17.26,7.81560903847397,24.3646541159778,675.636025014193,1820.86783129614,83.4895828811375,1928.72206829326,2027.507199,1.31847441253332
20190728,"20190728_27","tank.Ambient",29.11,17.24,7.82795104846888,23.631632714248,654.99790435183,1816.58460613622,85.6735817324641,1925.88982058294,2028.628754,1.35278162352197
20190728,"20190728_6","tank.Moderate",29.1,17.41,7.25738350722959,94.9860922913367,2645.71872273128,1969.98774454286,25.1292816601639,2090.10311849436,2032.104268,0.397061841048169
20190729,"20190729_13","tank.Severe",29.17,17.99,6.9738463947323,182.924203410407,5183.70524436495,2002.13125158942,13.6149645116982,2198.67041951153,2035.647281,0.215572696960913
20190729,"20190729_22","tank.Severe",29.14,17.98,6.97217408139266,183.313695858049,5192.38758293071,1997.57240054056,13.5161070329292,2194.40220343154,2030.854714,0.214018419972217
20190729,"20190729_23","tank.Severe",29.15,17.99,6.97211534684637,183.732441643692,5206.03828876493,2002.53188619386,13.5564829206897,2199.82081075824,2035.899018,0.214659791839046
20190729,"20190729_28","tank.Ambient",29.19,17.93,7.82431887115426,23.4516113816713,663.481348208206,1817.12594379157,87.4217303353959,1927.99928550864,2033.288423,1.38377818379009
20190729,"20190729_31","tank.Ambient",29.16,17.99,7.81167357152452,24.1959166527181,685.614182948303,1822.81366205812,85.3062334847918,1932.31581219563,2033.694023,1.35073835573775
20190729,"20190729_34","tank.Ambient",29.16,18,7.80466204746351,24.6130247138929,697.634853553835,1824.94572819713,84.0700775077794,1933.6288304188,2032.786478,1.33121818574068
20190729,"20190729_7","tank.Moderate",29.21,18.06,7.23302960805745,98.8470418051805,2807.3833504863,1968.95201237011,24.4086763847314,2092.20773056003,2029.268524,0.386535764525709
20190729,"20190729_8","tank.Moderate",29.19,18.04,7.21066526575696,104.112349876173,2954.89645886278,1968.43203318205,23.1478713361615,2095.69225439439,2025.640958,0.366562847120085
20190729,"20190729_9","tank.Moderate",29.17,18.17,7.19941528374188,106.424576814777,3031.53154074356,1965.90596744003,22.6264236822776,2094.95696793709,2021.826838,0.35851421685361
20190730,"20190730_12","tank.Moderate",29.17,17.99,7.22049714830173,102.245438390387,2897.40506955516,1974.76793642438,23.6968592872472,2100.71023410201,2033.294201,0.375204493677961
20190730,"20190730_17","tank.Severe",29.19,17.93,6.99235141838741,176.182821215111,4984.56062486898,2010.05734435542,14.2388647193824,2200.47903028991,2045.097677,0.225383669312276
20190730,"20190730_18","tank.Severe",29.16,18.01,6.9936122271667,175.386858338238,4972.70695907006,2009.68722076414,14.3098362330997,2199.38391533548,2044.895251,0.226599942694504
20190730,"20190730_21","tank.Severe",29.17,18.01,6.98495758227196,178.882914014596,5072.11006899923,2009.52767702734,14.0300168804137,2202.44060792235,2044.045629,0.222162159913107
20190730,"20190730_29","tank.Ambient",29.23,17.82,7.84690306332138,22.2833465467006,628.563276772166,1815.13246061488,91.6993607719583,1929.11516793354,2041.75718,1.45067941402006
20190730,"20190730_30","tank.Ambient",29.13,17.83,7.8468149500508,22.3403815912708,630.008590027934,1817.79034138548,91.6119478372832,1931.74267081404,2044.044594,1.44979251434599
20190730,"20190730_33","tank.Ambient",29.15,17.83,7.8381549513995,22.7975309117544,642.971056453803,1818.77025134251,89.8983226701029,1931.46610492437,2040.880787,1.42258807289076
20190730,"20190730_4","tank.Moderate",29.17,17.95,7.22076360629569,102.451958926503,2899.90345050278,1978.2150030954,23.7168218405488,2104.38378386245,2036.774818,0.375460743614095
20190730,"20190730_5","tank.Moderate",29.15,17.99,7.22049714830173,101.980051938833,2889.5674565676,1969.20361271952,23.6178313196314,2094.80149597798,2027.561136,0.373975962970774
20190731,"20190731_1","tank.Moderate",29.13,18.02,7.22869173312835,100.748213857782,2856.82441535521,1983.34991717452,24.2555684012312,2108.35369943354,2043.190747,0.38414356771833
20190731,"20190731_11","tank.Moderate",29.11,18.08,7.22475640624806,101.352433881106,2878.62291520477,1979.43434235796,24.0314118488171,2104.81818808789,2038.735218,0.38070817601141
20190731,"20190731_14","tank.Severe",29.14,18,7.06267495635463,149.441241261891,4235.37596935157,2006.64969789075,16.7359585812905,2172.82689773393,2047.859015,0.265023751537985
20190731,"20190731_15","tank.Severe",29.11,17.93,7.05972562697863,150.723249391259,4262.37510561391,2006.37559778311,16.5634905007525,2173.66233767512,2047.159803,0.26224319733661
20190731,"20190731_16","tank.Severe",29.12,17.91,7.05987210802412,150.997049952901,4267.88281227804,2010.03000921728,16.5909879613425,2177.61804713153,2050.870979,0.262649721351344
20190731,"20190731_3","tank.Moderate",29.15,18.04,7.22507212540288,101.237208745256,2872.66359177938,1977.75197975538,24.0169997381893,2103.00618823882,2037.040463,0.380372573284206
20190731,"20190731_32","tank.Ambient",29.2,17.96,7.85067632265961,22.0453239283327,624.270684112951,1816.45112015548,92.9869097689189,1931.48335385273,2046.091331,1.4719987166473
20190731,"20190731_35","tank.Ambient",29.14,17.88,7.8428212175333,22.5713842105869,637.480268941638,1822.00189909185,91.1799396575243,1935.75322295996,2047.120331,1.44319834049416
20190731,"20190731_36","tank.Ambient",29.13,17.86,7.84648514654252,22.3708267846043,631.415553790492,1820.09950903529,91.7629937562465,1934.23332957614,2046.662087,1.45235550489675
20190801,"20190801_10","tank.Ambient",29.19,17.76,7.75626217061532,28.4581800141726,801.170978258809,1878.1105354701,76.7538097592362,1983.32252524351,2067.33453,1.21410186856608
20190801,"20190801_12","tank.Ambient",29.16,17.72,7.75495663979643,28.5004709801911,801.298785783593,1872.9600732159,76.138621550172,1977.59916574626,2060.767122,1.20429008621461
20190801,"20190801_20","tank.Ambient",29.14,17.89,7.74621619053427,29.0558674346936,820.858697382927,1878.08802478856,75.2707080163977,1982.41460023966,2063.648119,1.19143392138031
20190801,"20190801_23","tank.Ambient",29.18,17.89,7.7375579772043,29.6076798791506,836.631729836836,1876.81611026706,73.8115332559325,1980.23532340214,2058.892681,1.16819563358578
20190801,"20190801_24","tank.Ambient",29.18,17.91,7.73388266928103,29.9693759800599,847.342487333866,1884.57172402611,73.5476944564941,1988.08879446266,2065.875067,1.16411227980258
20190801,"20190801_25","tank.Ambient",29.15,17.66,7.75906309805217,28.3673415416816,796.12352777346,1879.19620646456,76.9225825024244,1984.48613050867,2068.800945,1.2164399728938
20190801,"20190801_27","tank.Ambient",29.15,17.58,7.77551956289484,27.2646751869772,763.399471708296,1872.55465510585,79.3696041007053,1979.18893439353,2068.219471,1.25474405551185
20190801,"20190801_31","tank.Ambient",29.17,17.77,7.76828189699089,27.5382085003981,775.410996094374,1868.39849312226,78.4887635109374,1974.4254651336,2061.975322,1.24166942493983
20190801,"20190801_6","tank.Ambient",29.16,17.7,7.77076506854816,27.5204759420385,773.29674686777,1874.76670708311,78.9773700526557,1981.2645530778,2069.422171,1.24909261611824
20190803,"20190803_18","tank.Ambient",28.91,19.19,7.82253932280676,22.9515552862877,672.134129473287,1815.05164403196,90.5438445835786,1928.54704390183,2038.201373,1.44191555223544
20190803,"20190803_19","tank.Ambient",28.86,19.23,7.81351173030932,23.4678301133455,687.844047083955,1818.25041747783,88.8554532139129,1930.57370080509,2037.199886,1.41549157052925
20190803,"20190803_2","tank.Ambient",28.89,19.19,7.8190914382784,23.2191349900973,679.896209562799,1821.28155523092,90.0891838586495,1934.58987407967,2043.186531,1.43476466073361
20190803,"20190803_22","tank.Ambient",28.81,19.3,7.80762816408409,23.8140794413434,699.184536210482,1821.97989417509,87.9565993930089,1933.75057300944,2038.618494,1.40181342796926
20190803,"20190803_26","tank.Ambient",28.88,19.09,7.82701123612087,22.7396356815804,663.936580915049,1812.35348401835,90.9302405950333,1926.02336029496,2036.48793,1.44758520692438
20190803,"20190803_28","tank.Ambient",28.84,19.17,7.81929574951238,23.1908254663196,678.498417490632,1818.10097257773,89.7891726035726,1931.08097064763,2039.303032,1.43008627015916
20190803,"20190803_34","tank.Ambient",28.87,19.18,7.80540158259387,24.0072452317797,702.698143225324,1823.85933483927,87.3387215262236,1935.20530159727,2039.056459,1.39098768072992
20190803,"20190803_7","tank.Ambient",28.84,19.27,7.8113804231532,23.5722844048471,691.611942611469,1818.56640315925,88.5229451697164,1930.66163273381,2036.677172,1.41052532970958
20190804,"20190804_13","tank.Ambient",29.02,18.01,7.66630411823826,35.5261289905092,1006.47617012046,1912.89806836648,63.8719836015985,2012.29618095859,2070.158789,1.01185694615424
20190804,"20190804_17","tank.Ambient",29.04,17.99,7.67165153998363,34.9650934640643,990.118115958591,1905.59591821446,64.4011583999102,2004.96217007844,2064.263808,1.02009717360021
20190804,"20190804_21","tank.Ambient",29.06,17.81,7.67477562978409,34.9765701777626,985.405628165134,1912.75029372966,64.7005972316873,2012.4274611391,2072.092326,1.0240439851173
20190804,"20190804_29","tank.Ambient",29.02,17.81,7.67477562978409,34.9139620145467,983.425643849707,1908.4712633308,64.4887412725822,2007.87396661793,2067.333231,1.02081215942023
20190804,"20190804_30","tank.Ambient",29.01,17.83,7.67635282384971,34.6935411368562,977.729857248889,1903.95568505516,64.6023969911476,2003.25162318316,2063.147981,1.0227228329261
20190804,"20190804_36","tank.Ambient",29.05,17.86,7.67612044777718,34.7572578810233,980.592482785198,1908.55944676034,64.8650650548853,2008.18176969625,2068.344154,1.02688156601204
20190804,"20190804_4","tank.Ambient",29.08,17.89,7.70013108217177,32.7172568739303,923.992747734213,1900.56615077984,68.3960902169125,2001.67949787068,2069.052604,1.08281347655397
20190804,"20190804_8","tank.Ambient",29.07,17.81,7.67131139221528,35.2136061509594,992.138236876812,1910.62698142815,64.1319668235742,2009.97255440269,2068.626139,1.01501377552732
20190804,"20190804_9","tank.Ambient",29.02,17.91,7.67053861246299,35.1349445486919,992.520245639265,1906.13707474171,64.0267814063935,2005.2988006968,2063.890673,1.01390328326082
20190805,"20190805_1","tank.Ambient",29.07,18.08,7.70960195943678,31.8217212031039,903.598879620993,1897.06421387693,70.2610251680522,1999.14696024808,2070.077723,1.11321751226736
20190805,"20190805_10","tank.Ambient",29.11,18.25,7.70118534425315,32.356621858173,923.499905786224,1899.90040245809,69.5332807293631,2001.79030504563,2071.098867,1.10230926377813
20190805,"20190805_11","tank.Ambient",29.12,18.14,7.67793015457945,34.2481189445726,974.449022616442,1901.70165288986,65.7133669706881,2001.66313880512,2063.637188,1.0412576514039
20190805,"20190805_12","tank.Ambient",29.09,18.16,7.67948601802191,34.1995506835056,973.467887529036,1906.02450233627,66.0976671314716,2006.32172015125,2068.803567,1.04752721361607
20190805,"20190805_13","tank.Ambient",29.09,18.26,7.67688523132311,34.2482436083215,977.663487177336,1901.53652468931,65.7968610770231,2001.58162937465,2063.631253,1.04318201834224
20190805,"20190805_14","tank.Ambient",29.08,18.24,7.67705936489267,34.2318424790643,976.57990733138,1900.33674935991,65.71487767638,2000.28346951535,2062.247317,1.04182950075504
20190805,"20190805_15","tank.Ambient",29.06,18.09,7.6991310683181,32.6329993679182,926.852239036699,1899.29320647749,68.6760256894215,2000.60223153483,2068.420413,1.08818139054226
20190805,"20190805_16","tank.Ambient",29.11,18.19,7.68441417247723,33.7176412494124,960.685351640856,1902.29706413726,66.8317624696871,2002.84646785636,2066.920595,1.05922502097559
20190805,"20190805_17","tank.Ambient",29.08,18.18,7.69488100353799,32.7264537600461,932.022633748256,1890.36397820965,67.9538435003708,1991.04427547007,2057.871795,1.07706395946148
20190805,"20190805_18","tank.Ambient",29.08,18.26,7.67688523132311,34.2769526034883,978.4294470381,1902.91782201217,65.8275518916751,2003.02232650733,2065.0596,1.04370048492646
20190805,"20190805_19","tank.Ambient",29.12,18.24,7.67532980217085,34.4767092959488,983.781091294964,1907.17502359264,65.7575044623374,2007.40923735093,2069.116309,1.0423778288598
20190805,"20190805_2","tank.Ambient",29.09,18.22,7.6876115952031,33.5781239175566,957.431710557916,1909.26294901134,67.6137849167234,2010.45485784562,2075.657862,1.07181482366356
20190805,"20190805_20","tank.Ambient",29.12,18.16,7.69505635729484,32.8965837816345,936.533599464097,1900.96751108575,68.3818823250314,2002.24597719241,2069.384775,1.08362878791046
20190805,"20190805_21","tank.Ambient",29.12,18.09,7.68874834723217,33.3883337169123,948.617545803575,1898.62067877141,67.1344688747338,1999.14348136305,2064.062235,1.06356175991176
20190805,"20190805_22","tank.Ambient",29.1,18.16,7.68813620650687,33.3190786790586,948.457706905224,1894.52249627407,67.0379026204339,1994.87947757356,2059.762455,1.06239589533729
20190805,"20190805_23","tank.Ambient",29.11,18.16,7.68294609341589,33.6725415439879,958.57191136455,1892.08681343888,66.1735427114767,1991.93289769435,2055.271768,1.04866583336637
20190805,"20190805_24","tank.Ambient",29.12,18.13,7.68147767654099,33.9455408462722,965.561571428674,1899.93994183986,66.1659131047996,2000.05139579093,2063.002343,1.04838623869797
20190805,"20190805_25","tank.Ambient",29.13,18.23,7.68752416718804,33.6317727782988,959.447564557594,1913.20475789684,67.835805821302,2014.67233649644,2080.105251,1.07524626404081
20190805,"20190805_26","tank.Ambient",29.02,18.14,7.679660311061,34.3631222569965,977.185478463278,1913.56274589895,66.21486995995,2014.14073811589,2076.469816,1.04952224144779
20190805,"20190805_27","tank.Ambient",29.05,18.14,7.68139046754255,34.012143609776,967.363686107238,1902.21766653996,66.1366246955346,2002.36643484527,2065.123507,1.04818713768136
20190805,"20190805_28","tank.Ambient",29.06,18.14,7.68139046754255,34.0820141198596,969.404058422537,1906.33870675307,66.2971382925085,2006.71785916544,2069.579987,1.05069930158153
20190805,"20190805_29","tank.Ambient",29.12,18.14,7.6831206240241,33.637643428219,957.079324620127,1890.26064660062,66.10335438499,1990.00164441383,2053.313798,1.0474371761766
20190805,"20190805_3","tank.Ambient",29.09,18.17,7.71226846248316,31.4729310829866,896.114230994718,1892.01119897751,70.7828748113796,1994.26700487188,2066.364583,1.12182447666853
20190805,"20190805_30","tank.Ambient",29.1,18.14,7.69177140643185,33.1268057372705,942.441288508188,1898.58267041573,67.694992715711,1999.40446886871,2065.359912,1.07272274540084
20190805,"20190805_31","tank.Ambient",29.14,18.26,7.67515578730433,34.4462472980922,983.585071560883,1905.99248571489,65.7742755808374,2006.21300859382,2068.001752,1.04266410396209
20190805,"20190805_32","tank.Ambient",29.09,18.29,7.67143624811308,34.6542119101687,990.105942076219,1901.34437152661,65.0437015279569,2001.04228496474,2061.607461,1.03136660917704
20190805,"20190805_33","tank.Ambient",29.08,18.18,7.66893221960683,35.1174237567037,1000.11576809057,1910.82251372832,64.7053451727131,2010.64528265774,2070.142043,1.02557547417702
20190805,"20190805_34","tank.Ambient",29.13,18.27,7.66988062887328,34.9458160135287,998.082175060926,1910.49841747067,65.1415389695583,2010.58577245376,2070.897278,1.03270744708058
20190805,"20190805_35","tank.Ambient",29.09,18.25,7.66832478025622,34.9865693353312,998.452938878034,1904.19512596774,64.5783838464593,2003.76007914954,2063.295087,1.02382203799936
20190805,"20190805_36","tank.Ambient",29.13,18.22,7.6876115952031,33.5296960618983,956.260352607185,1907.36081485171,67.6166215920885,2008.5071325057,2073.819963,1.07172869751473
20190805,"20190805_4","tank.Ambient",29.06,18.11,7.70414645168119,32.2574675714812,916.714770158642,1900.08437218797,69.5553119446295,2001.89715170408,2071.326501,1.10220258004471
20190805,"20190805_5","tank.Ambient",29.08,18.16,7.69159628190086,33.1868614298347,944.59047954315,1901.6736404118,67.7939704386449,2002.65447228028,2068.625338,1.07444317783463
20190805,"20190805_6","tank.Ambient",29.15,18.04,7.67533964801458,34.5396452123251,980.074942526679,1902.90479394534,65.1675671701328,2002.6120063278,2063.538967,1.03210040760252
20190805,"20190805_7","tank.Ambient",29.09,18.11,7.67646109665759,34.5009837569644,980.634043906139,1907.36770004959,65.5609220208343,2007.42960582739,2068.834976,1.03881142444204
20190805,"20190805_8","tank.Ambient",29.12,18.14,7.68139046754255,33.8169564592248,962.181270502494,1892.78154179983,65.9283400108305,1992.52683826989,2055.371742,1.04466399524553
20190805,"20190805_9","tank.Ambient",29.12,18.18,7.69661092246673,32.6221774106316,929.256555192095,1892.70689349899,68.3806262475758,1993.70969715719,2061.243635,1.08369630028348
20190806,"20190806_12","tank.Ambient",29.08,18.35,7.69899874839508,32.0291716552621,916.633903057437,1874.7298090027,68.472865303476,1975.23184596144,2043.703948,1.08603968991412
20190806,"20190806_13","tank.Ambient",29.1,18.45,7.69631302704416,32.2831537753279,926.657777429202,1882.50408499341,68.6274515403707,1983.41469030911,2051.725465,1.08886953272434
20190806,"20190806_18","tank.Ambient",28.97,18.37,7.71090878701629,31.1487640923662,891.412855307711,1872.40448093743,70.1415536814644,1973.69479871126,2045.379813,1.11297040734463
20190806,"20190806_19","tank.Ambient",29.15,18.37,7.70917999557312,31.3657328681241,898.506622736021,1881.74263031195,70.5406002108945,1983.64896339097,2055.673508,1.11868572687074
20190806,"20190806_2","tank.Ambient",28.98,18.35,7.70418547856501,31.7252390305056,907.438958555173,1877.14561041857,69.2045967397242,1978.0754461888,2047.783977,1.0979800670984
20190806,"20190806_26","tank.Ambient",29.02,18.29,7.71167817707711,31.1624145031024,890.000251812542,1874.29322192243,70.2156021160729,1975.67123854161,2047.473502,1.11361246403913
20190806,"20190806_28","tank.Ambient",29.06,18.36,7.71100495159548,31.1154281569957,890.641818836746,1872.2914931098,70.2907220545906,1973.69764332139,2045.70122,1.11498627686904
20190806,"20190806_34","tank.Ambient",29.11,18.38,7.70735516076616,31.3597001149605,898.394957912521,1873.068774121,69.8748882023105,1974.30336243827,2045.490014,1.10831043257743
20190806,"20190806_5","tank.Ambient",29.17,18.35,7.70418547856501,31.6150540075555,905.228099279846,1874.60447803093,69.4529806267938,1975.67251266528,2046.028257,1.10127960125875
20190807,"20190807_16","tank.Ambient",29.04,18.37,7.73392864404513,29.7419565060436,851.478900141168,1886.64114161247,74.6579321888949,1991.0410303074,2070.383034,1.18438191199584
20190807,"20190807_22","tank.Ambient",29.06,18.38,7.7355704221672,29.650644205271,849.201283796034,1888.81110277239,75.0943088089237,1993.55605578658,2073.586456,1.19128047837225
20190807,"20190807_23","tank.Ambient",29.08,18.37,7.74257260126095,29.0769005261352,832.621253650563,1882.3753088618,76.0656163196705,1987.51782570761,2069.627332,1.20656583251758
20190807,"20190807_29","tank.Ambient",29.05,18.28,7.7468165970839,28.7306478383792,820.44757631045,1873.8743256395,76.1464217304957,1978.75139520838,2061.463059,1.20751541917704
20190807,"20190807_31","tank.Ambient",29.06,18.29,7.73808287979043,29.3539092733712,838.532693554109,1877.03189490791,74.8038897958399,1981.18969397712,2061.322033,1.18623791656966
20190807,"20190807_36","tank.Ambient",29.06,18.29,7.74154141177994,29.1184469070859,831.806382316755,1876.86244311455,75.3951666304501,1981.37605665209,2062.58727,1.19561436747774
20190807,"20190807_6","tank.Ambient",29.05,18.3,7.7622046844309,27.7246533558784,792.174989244829,1874.30723525987,78.9707958607324,1981.00268447648,2068.717252,1.25240573334204
20190807,"20190807_7","tank.Ambient",29.08,18.37,7.73047106115881,29.8871961667393,855.824263596019,1881.66254763607,73.9473085511599,1985.49705235397,2063.798554,1.17296487192718
20190807,"20190807_9","tank.Ambient",29.1,18.37,7.73219985260197,29.7598483679555,852.270895261896,1881.5385704721,74.2759460110713,1985.57436485112,2064.488448,1.17810538315287
20190808,"20190808_21","tank.Ambient",29.04,18.52,7.69839274154087,31.5622232194355,907.484447667812,1850.9033204349,67.8730377838136,1950.33858143815,2018.729071,1.07740865629553
20190808,"20190808_27","tank.Ambient",29.07,18.49,7.74532370049102,28.161998834433,809.157591823779,1839.3749621756,75.1209479663587,1942.65790897639,2025.041732,1.19220380939926
20190808,"20190808_3","tank.Moderate",28.89,18.64,7.1446003948712,120.772151501222,3481.58574449993,1980.62067725296,20.3046260786731,2121.69745483286,2030.64493,0.322621459741409
20190808,"20190808_33","tank.Ambient",29.07,18.57,7.74458349307455,28.4325647617945,818.80403305648,1857.14276038222,75.9466902597001,1961.52201540372,2044.484908,1.20570585936175
20190808,"20190808_45","tank.Moderate",29.03,18.53,7.17130966204796,114.405113605211,3290.19477004788,1993.54109904879,21.722352037661,2129.66856469166,2047.030209,0.344842889215708
20190808,"20190808_51","tank.Moderate",29.06,18.53,7.19549946574089,109.199027527638,3140.98531243968,2012.49227630829,23.2030165167097,2144.89432035263,2069.527996,0.368314453109489
20190808,"20190808_H1_T1","tray.Elevated",29.13,18.49,7.27701399232527,89.0637642977725,2559.85930256274,1980.10925879193,27.5516132283891,2096.72463631809,2048.024832,0.437175546379396
20190808,"20190808_H1_T2","tray.Ambient",29.07,18.68,7.62613300836512,39.0371381422461,1127.73555750029,1945.82390349733,60.8304702871054,2045.69151192668,2095.159171,0.966165206911583
20190809,"20190809_14","tank.Moderate",29.01,18.92,7.22779521573354,99.1820988803741,2883.9793653655,1984.74914867478,24.982847445211,2108.91409500037,2046.257868,0.397273049684328
20190809,"20190809_26","tank.Ambient",29.13,18.95,7.7624518852513,26.893609313673,783.174750027916,1846.90600046784,79.9619968903569,1953.76160667187,2044.118823,1.27122231854694
20190809,"20190809_32","tank.Ambient",29.06,18.97,7.70879645502962,30.7874871577748,896.736877664415,1867.94480136745,71.3978888496086,1970.13017737483,2043.977936,1.13541831630439
20190809,"20190809_38","tank.Moderate",29.15,18.94,7.23801136654247,96.4334765423946,2807.79098138175,1979.63551725153,25.6238961890349,2101.69288998296,2042.783244,0.407321402029888
20190809,"20190809_47","tank.Moderate",29.04,18.93,7.23462894494217,97.4113361677548,2833.75772498028,1981.32726602778,25.3646565678711,2104.10325876341,2043.800064,0.403323620351198
20190809,"20190809_55","tank.Ambient",29.03,19.93,7.73334925434505,28.2330278630934,844.727284093356,1849.90289853526,77.5128778147524,1955.64880421311,2040.820171,1.23790452492665
20190810,"20190810_10","tank.Moderate",29.29,17.58,7.2123932337875,107.646628157991,3016.40927599989,2024.80617112514,23.5533270581829,2156.00612634132,2082.77335265376,0.37219490862225
20190810,"20190810_16","tank.Moderate",29.34,17.8,7.21238395156562,107.224577188716,3024.66805043897,2027.86357001524,23.8168599464683,2158.90500715042,2086.45438923847,0.376624952079702
20190810,"20190810_21","tank.Ambient",29.34,17.43,7.66278648653039,36.4860874416544,1018.20596836339,1930.57153482893,63.0719240420257,2030.12954631261,2085.97321031601,0.995948270506036
20190810,"20190810_29","tank.Ambient",29.29,17.42,7.66981892158402,35.6809612897203,995.172986606818,1917.30064257689,63.5544975887272,2016.53610145534,2074.03109932246,1.00368138128499
20190810,"20190810_3","tank.Moderate",29.36,17.58,7.20372578836544,109.776541550096,3077.27798970043,2025.63419764002,23.1392055873283,2158.54994477745,2082.59680474634,0.365572904236866
20190810,"20190810_33","tank.Ambient",29.29,17.43,7.6645208704574,36.2949393968466,1012.59278386335,1927.07679637622,63.1279958019636,2026.49973157503,2082.63036759578,0.996984247977062
20190811,"20190811_12","tank.Moderate",29.25,17.68,7.22301355874119,104.695764725323,2941.61388882264,2021.66670849929,24.1655701515258,2150.52804337614,2081.13505670149,0.382064854884271
20190811,"20190811_17","tank.Moderate",29.25,17.66,7.24745613456458,98.785238105651,2773.93331254297,2017.07157360297,25.4871823808958,2141.34399408952,2079.81047140938,0.402928448025816
20190811,"20190811_24","tank.Ambient",29.27,17.64,7.67745480632739,34.9982563810019,982.296758145668,1922.9888744953,65.3839670600207,2023.37109793632,2084.0215330804,1.03351587137497
20190811,"20190811_27","tank.Ambient",29.31,17.54,7.6975842339951,33.3092579891623,932.381182434072,1913.58053238517,67.9628886230872,2014.85267899742,2081.06043663092,1.07373299631115
20190811,"20190811_33","tank.Ambient",29.23,17.63,7.63076447582658,39.1210519152727,1097.45129953046,1929.12771069017,58.8234501588207,2027.07221276427,2074.11188906711,0.929890900102984
20190811,"20190811_5","tank.Moderate",29.2,17.76,7.24134861583933,99.974667374452,2814.72081454054,2016.2237422874,25.1835267003406,2141.38193636219,2078.20019113404,0.398344300279446
20190812,"20190812_1","tank.Moderate",29.31,17.76,7.20506135967967,108.817507746817,3065.54046360654,2021.10970179235,23.287208108115,2153.21441764728,2078.43216337803,0.368225604702472
20190812,"20190812_10","tank.Moderate",29.26,17.61,7.19242045182529,112.035628653518,3141.6187411675,2013.3215889941,22.375175099335,2147.73239274696,2068.44398827025,0.353650868283667
20190812,"20190812_11","tank.Ambient",29.29,17.52,7.67342729266973,35.3490255481087,988.792974253683,1919.60527153837,64.4058949052108,2019.36019199169,2078.35080823524,1.01751960544852
20190812,"20190812_12","tank.Moderate",29.42,17.35,7.19626820490603,111.875833467109,3116.20154994816,2020.13482589436,22.5211075951321,2154.5317669566,2075.64017079311,0.35542813541322
20190812,"20190812_14","tank.Moderate",29.26,17.55,7.21197828114692,107.975316818407,3022.48048446389,2027.01536917972,23.5114340403459,2158.50212003848,2084.86337653138,0.371523360017648
20190812,"20190812_15","tank.Ambient",29.28,17.39,7.69551416523779,33.761767678681,940.768981845238,1923.24196784165,67.5426254092633,2024.54636092959,2089.56780099499,1.06657269929586
20190812,"20190812_16","tank.Moderate",29.28,17.35,7.1858590355805,114.592070475313,3189.3996217508,2017.05844660513,21.8749647883348,2153.52548186878,2070.95788640136,0.345376828979175
20190812,"20190812_17","tank.Ambient",29.24,17.6,7.67091177061743,35.342540985299,990.643461463194,1910.52519166645,63.8421687416437,2009.7099013934,2067.98103954552,1.00907918908798
20190812,"20190812_18","tank.Ambient",29.27,17.5,7.67362286012352,35.1214118736017,981.745832795832,1906.82790832063,63.9243282939363,2005.87364848817,2064.5779457212,1.00989438277124
20190812,"20190812_19","tank.Moderate",29.28,17.72,7.21578406831663,106.525549732168,2996.99753352486,2025.51946249182,23.8666081812016,2155.91162040519,2084.23721592989,0.377362796865186
20190812,"20190812_2","tank.Ambient",29.28,17.36,7.68366617329528,35.408978442552,985.804683267257,1961.47105932192,66.9549876141993,2063.83502537867,2125.82123923568,1.05717145425789
20190812,"20190812_21","tank.Ambient",29.3,17.35,7.67508999388026,35.3325713432172,983.498565345001,1918.96145177834,64.2319098699145,2018.52593299148,2077.33560771031,1.01407626586424
20190812,"20190812_22","tank.Moderate",29.19,17.68,7.21611230700312,106.24583214479,2984.18175424321,2017.9097277121,23.7035168847187,2147.8590767416,2076.24929844424,0.374827580473876
20190812,"20190812_23","tank.Ambient",29.49,17.68,7.64760267283959,37.4039232902252,1052.30962801557,1925.02278486777,61.5467499319213,2023.97345808992,2076.8425034193,0.972353783591104
20190812,"20190812_24","tank.Ambient",29.33,17.3,7.668638546858,35.8430541881673,996.416181478946,1916.46570974966,63.1314799292405,2015.44024386707,2072.23121428714,0.996422561470099
20190812,"20190812_25","tank.Moderate",29.27,17.63,7.19572435429752,111.733841147757,3135.15090528406,2024.35975625411,22.6927401211895,2158.78633752306,2080.20686999406,0.358687216007157
20190812,"20190812_26","tank.Ambient",29.21,17.63,7.67408507269979,35.1650851749481,986.366809114384,1915.51815204819,64.5017239317315,2015.18496115487,2074.47780475619,1.01971544938812
20190812,"20190812_28","tank.Moderate",29.25,17.6,7.21676887205901,106.587195938987,2987.80270562424,2025.18781779363,23.7897427121664,2155.56475644479,2083.7218424391,0.376005548725141
20190812,"20190812_29","tank.Ambient",29.24,17.6,7.67437851030108,35.0667120973076,982.912010205374,1910.80683316655,64.3633126917164,2010.23685795557,2069.52515763299,1.01731630767124
20190812,"20190812_3","tank.Moderate",29.29,17.76,7.23104760705055,101.680194636618,2864.15541330081,2004.55345704577,24.5079353319565,2130.74158701435,2064.95987784393,0.387551917441601
20190812,"20190812_30","tank.Moderate",29.28,17.6,7.19423506411527,114.651191404224,3214.38210726685,2068.94718168524,23.0928387266774,2206.69121181614,2125.55480968999,0.364957593348772
20190812,"20190812_31","tank.Moderate",29.26,17.5,7.20891991346972,108.341785717511,3028.32620166154,2017.36486549765,23.1912282602544,2148.89787947541,2074.48159425581,0.366392531901262
20190812,"20190812_33","tank.Ambient",29.23,17.31,7.66333563964806,36.3452565116634,1010.11569845868,1918.03942961,62.2788570249594,2016.66354314662,2071.64050333468,0.983296829633006
20190812,"20190812_34","tank.Moderate",29.29,17.5,7.20371801481315,110.126890517102,3078.73169285904,2026.86229083961,23.0408694114183,2160.03005076813,2083.56724085426,0.363984120733294
20190812,"20190812_35","tank.Moderate",29.28,17.46,7.20057609697633,110.763852961645,3092.7610033322,2021.85506255173,22.7777420683561,2155.39665758173,2077.94054911233,0.359782686489694
20190812,"20190812_36","tank.Ambient",29.28,17.34,7.66304337770798,36.3853154124723,1012.39490563683,1921.2192556687,62.4921021106519,2020.09667319183,2075.32138032313,0.986630006441368
20190812,"20190812_37","tank.Ambient",29.3,17.49,7.68239077767154,35.1451212882653,982.284587737879,1947.24021624737,66.6368362629331,2049.02217379857,2111.01140683461,1.05261132833854
20190812,"20190812_38","tank.Moderate",29.27,17.7,7.22287927952394,104.281131314586,2931.98830943224,2014.38214005179,24.1017992760046,2142.76507064238,2073.73678036808,0.381063270737106
20190812,"20190812_39","tank.Ambient",29.28,17.4,7.69194650498781,34.6031626347393,964.495944135406,1955.48398999596,68.1389749654062,2058.2261275961,2122.77608698429,1.07603108313397
20190812,"20190812_4","tank.Ambient",29.34,17.53,7.6611930025243,36.379883331648,1018.20505175223,1922.20049761301,62.8064936621978,2021.38687460685,2077.05447012745,0.992139216343052
20190812,"20190812_41","tank.Ambient",29.25,17.53,7.6941349605149,34.1627601410692,955.678218993597,1945.35920476011,68.412642719655,2047.93460762083,2113.41278028229,1.08099272158655
20190812,"20190812_42","tank.Moderate",29.15,17.38,7.19775884991431,114.22334429902,3179.64537659468,2064.82764105974,22.9638378527744,2202.01482321153,2121.12834409233,0.362750708427693
20190812,"20190812_44","tank.Ambient",29.28,17.53,7.69066738598958,33.6870052982013,942.524872799757,1903.64539739921,66.4648960023381,2003.79729869975,2067.61846856671,1.05012122825825
20190812,"20190812_45","tank.Moderate",29.28,17.41,7.18710763020712,116.915078302573,3259.76105401227,2066.65262154346,22.5286368009799,2206.09633664701,2121.90643193553,0.355779433544833
20190812,"20190812_47","tank.Moderate",29.24,17.43,7.20775816296088,108.950035250434,3038.78506161785,2019.65410681223,23.0820895776535,2151.68623164032,2076.49190887,0.36459154393776
20190812,"20190812_48","tank.Ambient",29.3,17.42,7.69174968437805,34.1599110486442,952.801889344681,1930.85303780093,67.3361709354773,2032.34911978505,2096.57297382963,1.06337125396114
20190812,"20190812_49","tank.Ambient",29.22,17.6,7.68651209919387,33.9172766816194,950.588892135736,1900.11502825555,65.7824537199215,1999.81475865709,2062.42524141365,1.03980967670553
20190812,"20190812_5","tank.Moderate",29.21,17.76,7.20679377617106,107.662693527181,3031.34123477229,2005.42959419479,23.1389137872089,2136.23120150918,2062.4463503431,0.365992244657065
20190812,"20190812_50","tank.Ambient",29.28,17.46,7.69135607931551,34.8043671782656,971.803483062789,1966.82486200991,68.5971895254208,2070.22641871359,2135.04682773076,1.08351745572645
20190812,"20190812_51","tank.Moderate",29.26,17.56,7.2118963737432,106.985054448186,2995.63220625037,2008.49543745103,23.3010707825048,2138.78156268172,2065.92389409776,0.368213530023755
20190812,"20190812_52","tank.Ambient",29.3,17.38,7.6834699256141,35.4539169821885,987.741232968315,1964.38887946001,67.1099623930916,2066.95275883529,2129.08189173775,1.05963609614652
20190812,"20190812_54","tank.Moderate",29.28,17.62,7.19407246177739,112.105555109104,3144.8396565523,2023.15587256406,22.5904195303103,2157.85184720348,2078.760953029,0.357045174498701
20190812,"20190812_56","tank.Ambient",29.27,17.48,7.69289338036121,34.6897010286401,969.113263694966,1967.95967091427,68.914652422213,2071.56402436512,2136.92069015803,1.08864873755544
20190812,"20190812_57","tank.Moderate",29.25,17.56,7.21709719877341,105.730931216099,2960.35286700296,2008.64169411156,23.577398078658,2137.95002340631,2066.74628828489,0.372591411635081
20190812,"20190812_58","tank.Ambient",29.34,17.54,7.69230274080585,34.4311936111152,963.945254946474,1954.77297707358,68.6399254090777,2057.84409609377,2123.29987007747,1.08433046152517
20190812,"20190812_59","tank.Moderate",29.28,17.77,7.21364145377486,105.920957338423,2984.31309897149,2006.3451678455,23.5689858808613,2135.83511106478,2064.43044536526,0.37273002334676
20190812,"20190812_6","tank.Ambient",29.29,17.38,7.68520460802731,34.5128439563785,961.470002845722,1919.68786431874,65.8282740319392,2020.02898230705,2081.91557749183,1.0394300553319
20190812,"20190812_60","tank.Moderate",29.28,17.69,7.19350340971277,114.580084714228,3220.80111791116,2068.333952378,23.1259747846503,2206.04001187688,2125.01816509889,0.365609504216894
20190812,"20190812_61","tank.Ambient",29.32,17.45,7.66544050764919,36.1628858427528,1009.66402314183,1925.6367068433,63.3116869005743,2025.11127958663,2081.67282983279,0.999871752224536
20190812,"20190812_62","tank.Moderate",29.26,17.64,7.2043086550187,112.240845020346,3150.11941899757,2074.3737893373,23.7204504026372,2210.33508476028,2132.4808819234,0.374957445783357
20190812,"20190812_64","tank.Ambient",29.32,17.6,7.68824546903569,34.0309419937799,954.299352566453,1916.22886769647,66.7782610423529,2017.0380707326,2080.78833019294,1.05523061631355
20190812,"20190812_65","tank.Moderate",29.25,17.77,7.21017673989124,106.64098671677,3004.10487959745,2003.26693843482,23.3277078444234,2133.23563299601,2060.76819366014,0.368948117116664
20190812,"20190812_66","tank.Ambient",29.2,17.31,7.65986543871498,37.3479471095242,1037.81121144211,1954.61672598803,62.912491969177,2054.87716506673,2109.23054568152,0.993389396735747
20190812,"20190812_67","tank.Ambient",29.27,17.43,7.68297935896195,34.9219940292785,974.181523415161,1934.25750708969,66.0801419970816,2035.25964311605,2096.85929459092,1.04367043897475
20190812,"20190812_68","tank.Moderate",29.28,17.68,7.20571494879019,108.400598164237,3046.21139452757,2012.1385657868,23.1304482860659,2143.6696122371,2069.12273753196,0.365665943814235
20190812,"20190812_69","tank.Moderate",29.3,17.64,7.22337310048319,104.566785047709,2935.38461357064,2020.16408220986,24.162206311194,2148.89307356876,2079.64833023099,0.381894028905103
20190812,"20190812_7","tank.Ambient",29.32,17.7,7.66646939149505,35.9133490910888,1010.0166188009,1927.62441688706,64.1330573200201,2027.67082329817,2085.57601750496,1.01382568561552
20190812,"20190812_70","tank.Ambient",29.38,17.6,7.655311442041,37.542081903559,1053.10703390261,1960.85418374433,63.4413521649822,2061.83761781287,2116.72474124126,1.00231677805029
20190812,"20190812_72","tank.Moderate",29.25,17.54,7.19472291420832,112.259114391656,3141.3078836694,2024.66672092666,22.5550054274617,2159.48084074578,2080.17684839953,0.356406965428052
20190812,"20190812_8","tank.Moderate",29.32,17.48,7.20041308600378,111.157165899911,3106.2371621542,2030.07966010992,22.9028733493718,2164.13969935921,2086.4378972915,0.361743379305172
20190812,"20190812_9","tank.Ambient",29.28,17.46,7.6757482353542,35.3364991734722,986.6616679035,1926.40512517772,64.8157296453253,2026.55735399652,2086.05357020634,1.02378792720555
20190814,"20190814_19","tank.Moderate",29.21,17.79,7.2339595690427,101.659485364731,2864.80450484127,2017.18604129651,24.8051223711265,2143.65064903237,2078.22854772385,0.392393284773636
20190814,"20190814_33","tank.Ambient",29.22,17.55,7.68618023071631,34.2632148567344,958.88835075925,1915.88699572161,66.1521516957739,2016.30236227412,2078.87187103043,1.04544997810255
20190814,"20190814_43","tank.Moderate",29.14,17.77,7.24620830826275,99.0247213778333,2787.86487467801,2018.63934754352,25.4674285314178,2143.13149745277,2081.2817197547,0.402923685690032
20190814,"20190814_54","tank.Moderate",29.18,17.7,7.25010462822232,97.991735134926,2753.78981457119,2013.33936157151,25.5880543239477,2136.91915103038,2076.32498000426,0.404671987122642
20190814,"20190814_56","tank.Ambient",29.18,17.53,7.69500244003243,33.503013760398,936.861253093413,1910.11949564076,67.18569110459,2010.80820050575,2075.67429496641,1.06182829720268
20190814,"20190814_61","tank.Ambient",29.17,17.63,7.68903357983297,33.9509687016012,952.101723363739,1913.29567854648,66.6139608477978,2013.86060809588,2077.38735475317,1.0532345101662
20190814,"20190814_H1_T1","tray.Elevated",29.36,19.4,7.15176850776132,116.765364134074,3448.25735357962,1989.63073747694,21.6012348809599,2127.99733649197,2042.84608798611,0.343810075102031
20190814,"20190814_H1_T2","tray.Ambient",29.26,18.79,7.54376261793241,46.692411673884,1354.52927230635,1934.03724144868,50.472655578859,2031.20230870143,2058.43791991255,0.801538204366091
