Method Data,,,,,,
Method name,Panopea,,,,,
Method ID,7,,,,,
Method version,6,,,,,
Method Internal ID,M44,,,,,
Release State,Released,,,,,
Type,TitrationGeneral,,,,,
,,,,,,
Table of Measured Values,,,,,,
Task,T1662,,,,,
Scope 1/1, Sample 1/9 (20190717_22),,,,,
Result,TitrationEP1,,,,,
V,t,E,T,dV/dt,E acc. stat.,
0,0,7.1,18.5,NaN,,
0.001,1,6.4,18.5,0.001,,
0.0025,2,6.3,18.5,0.0015,,
0.005,3,6.2,18.5,0.0025,,
0.0085,4,6.2,18.5,0.003,,
0.015,5,6.5,18.5,0.006,,
0.023,6,7.3,18.5,0.0075,,
0.0315,7,8.2,18.5,0.0075,,
0.04,8,9.5,18.6,0.0075,,
0.0485,9,10.6,18.5,0.0085,,
0.056,10,11.8,18.6,0.007,,
0.0645,11,12.8,18.6,0.0075,,
0.073,12,13.8,18.5,0.0075,,
0.081,13,14.8,18.6,0.0075,,
0.0895,14,15.6,18.6,0.0075,,
0.098,15,16.3,18.6,0.0075,,
0.1055,16,17.1,18.6,0.007,,
0.114,17,17.7,18.6,0.0075,,
0.1225,18,18.4,18.6,0.0075,,
0.131,19,19.1,18.6,0.0075,,
0.1395,20,19.7,18.6,0.0075,,
0.147,21,20.3,18.6,0.007,,
0.1555,22,20.9,18.6,0.0075,,
0.164,23,21.5,18.6,0.0075,,
0.172,24,22.2,18.6,0.0075,,
0.1805,25,22.8,18.6,0.0075,,
0.189,26,23.4,18.6,0.0075,,
0.1965,27,23.9,18.6,0.007,,
0.205,28,24.5,18.6,0.0075,,
0.2135,29,25.2,18.6,0.0075,,
0.222,30,25.8,18.6,0.0075,,
0.2305,31,26.4,18.6,0.0075,,
0.2385,32,26.9,18.6,0.0075,,
0.2465,33,27.4,18.6,0.0075,,
0.2545,34,28,18.6,0.0075,,
0.263,35,28.5,18.6,0.0075,,
0.2715,36,29.1,18.6,0.0075,,
0.28,37,29.7,18.6,0.0075,,
0.2885,38,30.3,18.6,0.0075,,
0.296,39,30.8,18.6,0.007,,
0.3045,40,31.4,18.6,0.0075,,
0.313,41,32,18.6,0.0075,,
0.321,42,32.6,18.6,0.0075,,
0.3295,43,33.1,18.6,0.0075,,
0.338,44,33.6,18.6,0.0075,,
0.3455,45,34.1,18.6,0.007,,
0.354,46,34.6,18.6,0.0075,,
0.3625,47,35.2,18.6,0.0075,,
0.371,48,35.7,18.6,0.0075,,
0.3795,49,36.3,18.6,0.0075,,
0.388,50,36.8,18.6,0.0075,,
0.3955,51,37.3,18.6,0.007,,
0.404,52,37.9,18.6,0.0075,,
0.412,53,38.5,18.6,0.0075,,
0.4205,54,39,18.6,0.0075,,
0.429,55,39.6,18.6,0.0075,,
0.4375,56,40.1,18.6,0.0085,,
0.445,57,40.7,18.6,0.007,,
0.4535,58,41.3,18.6,0.0075,,
0.462,59,42,18.6,0.0075,,
0.4705,60,42.6,18.6,0.0075,,
0.4785,61,43.2,18.6,0.0075,,
0.487,62,43.8,18.6,0.0075,,
0.4945,63,44.4,18.6,0.007,,
0.503,64,45,18.6,0.0075,,
0.5115,65,45.6,18.6,0.0075,,
0.52,66,46.3,18.6,0.0075,,
0.5285,67,46.8,18.6,0.0075,,
0.537,68,47.4,18.6,0.0085,,
0.5445,69,48,18.6,0.007,,
0.553,70,48.7,18.6,0.0075,,
0.561,71,49.3,18.6,0.0075,,
0.5695,72,49.8,18.6,0.0075,,
0.578,73,50.4,18.6,0.0075,,
0.5865,74,51,18.6,0.0075,,
0.594,75,51.5,18.6,0.007,,
0.6025,76,52.1,18.6,0.0075,,
0.611,77,52.8,18.6,0.0075,,
0.6195,78,53.4,18.6,0.0075,,
0.628,79,54,18.6,0.0075,,
0.636,80,54.6,18.6,0.008,,
0.644,81,55.2,18.6,0.0075,,
0.652,82,55.9,18.6,0.0075,,
0.6605,83,56.6,18.6,0.0075,,
0.669,84,57.3,18.6,0.0075,,
0.6775,85,58,18.6,0.0075,,
0.685,86,58.5,18.6,0.007,,
0.6935,87,59.3,18.6,0.0075,,
0.702,88,59.9,18.6,0.0075,,
0.7105,89,60.6,18.6,0.0075,,
0.7185,90,61.2,18.6,0.0075,,
0.727,91,62,18.6,0.0075,,
0.7345,92,62.6,18.6,0.007,,
0.743,93,63.3,18.6,0.0075,,
0.7515,94,64.1,18.6,0.0075,,
0.76,95,64.8,18.6,0.0075,,
0.7685,96,65.6,18.7,0.0075,,
0.777,97,66.4,18.7,0.0075,,
0.7845,98,67.1,18.7,0.007,,
0.793,99,67.7,18.7,0.0075,,
0.801,100,68.4,18.7,0.0075,,
0.8095,101,69.1,18.7,0.0075,,
0.818,102,70,18.7,0.0075,,
0.8265,103,70.8,18.7,0.0075,,
0.834,104,71.6,18.7,0.007,,
0.8425,105,72.4,18.7,0.0075,,
0.851,106,73.2,18.7,0.0075,,
0.8595,107,73.9,18.7,0.0075,,
0.868,108,74.7,18.7,0.0075,,
0.876,109,75.7,18.7,0.0075,,
0.884,110,76.4,18.7,0.0075,,
0.892,111,77.3,18.7,0.0075,,
0.9005,112,78,18.7,0.0075,,
0.909,113,79,18.7,0.0075,,
0.9175,114,80,18.7,0.0075,,
0.926,115,81,18.7,0.0085,,
0.9335,116,82.1,18.7,0.007,,
0.942,117,82.9,18.7,0.0075,,
0.9505,118,84,18.7,0.0075,,
0.959,119,85.1,18.7,0.0075,,
0.967,120,86.2,18.7,0.0075,,
0.9755,121,87.1,18.7,0.0085,,
0.983,122,88.3,18.7,0.007,,
0.9915,123,89.3,18.7,0.0075,,
1,124,90.7,18.7,0.0075,,
1.0085,125,91.9,18.7,0.0075,,
1.017,126,92.9,18.7,0.0075,,
1.0255,127,93.9,18.7,0.0085,,
1.033,128,95.3,18.7,0.007,,
1.0415,129,96.9,18.7,0.0075,,
1.0495,130,98.5,18.7,0.0075,,
1.058,131,100.1,18.7,0.0075,,
1.0665,132,101.3,18.7,0.0075,,
1.075,133,102.8,18.7,0.0085,,
1.0825,134,104.4,18.7,0.007,,
1.091,135,106.2,18.7,0.0075,,
1.0995,136,108.1,18.7,0.0075,,
1.108,137,110,18.7,0.0075,,
1.116,138,112.3,18.7,0.0075,,
1.1245,139,114.1,18.7,0.0075,,
1.132,140,116.5,18.7,0.007,,
1.1405,141,119.1,18.7,0.0075,,
1.149,142,121.7,18.7,0.0075,,
1.1575,143,124.2,18.7,0.0075,,
1.166,144,127.1,18.7,0.0075,,
1.1735,145,129.9,18.7,0.007,,
1.182,146,133.2,18.7,0.0075,,
1.1905,147,136.8,18.7,0.0075,,
1.199,148,139.8,18.7,0.0075,,
1.207,149,143.4,18.7,0.0075,,
1.2155,150,146.7,18.7,0.0075,,
1.223,151,150.1,18.7,0.007,,
1.2315,152,153.3,18.7,0.0075,,
1.24,153,156.7,18.7,0.0075,,
1.2485,154,160,18.7,0.0075,,
1.257,155,163,18.7,0.0075,,
1.2655,156,165.7,18.7,0.0075,,
1.273,157,167.9,18.7,0.007,,
1.2815,158,170.6,18.7,0.0075,,
1.2895,159,172.9,18.7,0.0075,,
1.298,160,175.2,18.7,0.0075,,
1.3065,161,177.4,18.7,0.0075,,
1.315,162,179.3,18.7,0.0085,,
1.3225,163,181,18.7,0.007,,
1.331,164,182.6,18.7,0.0075,,
1.3395,165,184.3,18.7,0.0075,,
1.3455,166,185.1,18.7,0.0075,,
1.3455,406,189.5,18.9,0,,
1.346,407,189.5,18.9,0.0005,,
1.3475,408,189.5,18.9,0.0015,,
1.35,409,189.6,18.9,0.003,,
1.354,410,190,18.9,0.004,,
1.36,411,190.5,18.9,0.006,,
1.3685,412,191.3,18.9,0.0085,,
1.376,413,192.3,18.9,0.0085,,
1.3845,414,193.3,18.9,0.0095,,
1.393,415,194.5,18.9,0.0085,,
1.401,416,195.5,18.9,0.008,,
1.4095,417,196.4,18.9,0.0085,,
1.418,418,197.3,18.9,0.0095,,
1.4255,419,198.1,18.9,0.0085,,
1.434,420,199.1,18.9,0.0095,,
1.4425,421,200,18.9,0.0085,,
1.451,422,201,18.9,0.0085,,
1.4595,423,201.7,18.9,0.0085,,
1.4675,424,202.4,18.9,0.008,,
1.4755,425,203.1,18.9,0.009,,
1.4835,426,203.8,18.9,0.009,,
1.492,427,204.7,18.9,0.0095,,
1.5005,428,205.3,18.9,0.0085,,
1.509,429,205.9,18.9,0.0085,,
1.5175,430,206.6,18.9,0.0095,,
1.525,431,207.3,18.9,0.0085,,
1.5335,432,207.8,18.9,0.0095,,
1.542,433,208.5,18.9,0.0095,,
1.55,434,209.1,18.9,0.008,,
1.5585,435,209.7,18.9,0.0085,,
1.567,436,210.2,19,0.0085,,
1.5745,437,210.8,19,0.0085,,
1.583,438,211.4,19,0.0095,,
1.5915,439,211.9,19,0.0085,,
1.6,440,212.5,19,0.0085,,
1.6085,441,212.9,19,0.0085,,
1.617,442,213.4,19,0.0095,,
1.6245,443,213.8,19,0.0085,,
1.633,444,214.5,19,0.0095,,
1.641,445,215,19,0.008,,
1.6495,446,215.5,19,0.0085,,
1.658,447,215.9,19,0.0085,,
1.6655,448,216.3,19,0.0085,,
1.674,449,216.7,19,0.0095,,
1.6825,450,217.2,19,0.0095,,
1.691,451,217.6,19,0.0085,,
1.6995,452,218,19,0.0085,,
1.708,453,218.5,19,0.0085,,
1.7155,454,218.9,19,0.0085,,
1.724,455,219.3,19,0.0095,,
1.732,456,219.6,19,0.009,,
1.7405,457,220,19,0.0085,,
1.749,458,220.5,19,0.0085,,
1.7575,459,220.8,19,0.0085,,
1.765,460,221.2,19,0.0085,,
1.7735,461,221.5,19,0.0095,,
1.782,462,221.9,19,0.0095,,
1.7905,463,222.2,19,0.0085,,
1.7985,464,222.6,19,0.008,,
1.807,465,222.9,19,0.0085,,
1.8145,466,223.3,19,0.0085,,
1.823,467,223.6,19,0.0095,,
1.8315,468,224,19,0.0085,,
1.84,469,224.3,19,0.0085,,
1.8485,470,224.7,19,0.0085,,
1.857,471,225,19,0.0085,,
1.8645,472,225.3,19,0.0085,,
1.873,473,225.6,19,0.0095,,
1.8815,474,225.9,19,0.0085,,
1.8895,475,226.2,19,0.008,,
1.898,476,226.4,19,0.0085,,
1.9065,477,226.8,19,0.0095,,
1.914,478,227.1,19,0.0085,,
1.9225,479,227.4,19,0.0095,,
1.931,480,227.6,19,0.0085,,
1.9395,481,227.9,19,0.0085,,
1.948,482,228.2,19,0.0085,,
1.956,483,228.5,19,0.009,,
1.964,484,228.9,19,0.009,,
1.972,485,229.1,19,0.009,,
1.9805,486,229.3,19,0.0085,,
1.989,487,229.6,19,0.0085,,
1.9975,488,229.8,19,0.0085,,
2.005,489,230.1,19,0.0085,,
2.0135,490,230.4,19,0.0095,,
2.022,491,230.6,19,0.0095,,
2.0305,492,230.9,19,0.0085,,
2.039,493,231.1,19,0.0085,,
2.047,494,231.5,19,0.008,,
2.0555,495,231.6,19,0.0095,,
2.063,496,231.8,19,0.0085,,
2.0715,497,232.1,19,0.0095,,
2.08,498,232.4,19,0.0085,,
2.0885,499,232.6,19,0.0085,,
2.097,500,232.8,19,0.0085,,
2.1045,501,233,19,0.0085,,
2.113,502,233.3,19,0.0095,,
2.1215,503,233.4,19,0.0095,,
2.1295,504,233.7,19,0.008,,
2.138,505,234,19,0.0085,,
2.146,506,234.2,19,0.008,,
Scope 1/1, Sample 2/9 (20190717_8),,,,,
Result,TitrationEP1,,,,,
V,t,E,T,dV/dt,E acc. stat.,Volume acc. stat.
0,0,-5.5,18.6,NaN,,
0.0005,1,-6.2,18.6,0.0005,,
0.0025,2,-6.4,18.6,0.002,,
0.005,3,-6.5,18.6,0.0025,,
0.009,4,-6.4,18.6,0.0035,,
0.015,5,-5.9,18.7,0.0055,,
0.0235,6,-4.9,18.6,0.0075,,
0.031,7,-3.8,18.6,0.0075,,
0.0395,8,-1.9,18.6,0.0085,,
0.048,9,-0.1,18.6,0.0075,,
0.0565,10,1.1,18.7,0.0075,,
0.065,11,2.5,18.7,0.0075,,
0.0735,12,3.7,18.7,0.0085,,
0.081,13,5.1,18.7,0.0075,,
0.0895,14,6.2,18.7,0.0085,,
0.098,15,7.2,18.7,0.0075,,
0.106,16,8.2,18.7,0.0075,,
0.1145,17,9.4,18.7,0.0075,,
0.123,18,10.3,18.7,0.0085,,
0.1305,19,11.2,18.7,0.0075,,
0.139,20,12.1,18.7,0.0085,,
0.1475,21,13.1,18.7,0.0075,,
0.156,22,13.8,18.7,0.0075,,
0.1645,23,14.6,18.7,0.0075,,
0.172,24,15.3,18.7,0.0075,,
0.1805,25,16,18.7,0.0085,,
0.189,26,16.8,18.7,0.0075,,
0.197,27,17.4,18.7,0.0075,,
0.2055,28,18.1,18.7,0.0075,,
0.214,29,18.9,18.7,0.0075,,
0.2215,30,19.6,18.7,0.0075,,
0.23,31,20.2,18.7,0.0085,,
0.2385,32,20.8,18.7,0.0075,,
0.247,33,21.5,18.7,0.0075,,
0.2555,34,22.2,18.7,0.0075,,
0.2635,35,22.9,18.7,0.0075,,
0.2715,36,23.5,18.7,0.008,,
0.2795,37,24.2,18.7,0.008,,
0.288,38,24.8,18.7,0.0075,,
0.2965,39,25.4,18.7,0.0075,,
0.305,40,26,18.7,0.0075,,
0.3135,41,26.6,18.7,0.0075,,
0.321,42,27.2,18.7,0.0075,,
0.3295,43,27.8,18.7,0.0085,,
0.338,44,28.4,18.7,0.0085,,
0.346,45,29.1,18.7,0.0075,,
0.3545,46,29.8,18.7,0.0075,,
0.363,47,30.4,18.7,0.0075,,
0.3705,48,31,18.7,0.0075,,
0.379,49,31.7,18.7,0.0085,,
0.3875,50,32.3,18.7,0.0085,,
0.396,51,32.9,18.7,0.0075,,
0.4045,52,33.6,18.7,0.0075,,
0.4125,53,34.2,18.7,0.0075,,
0.4205,54,34.9,18.7,0.008,,
0.4285,55,35.5,18.7,0.008,,
0.437,56,36.1,18.7,0.0085,,
0.4455,57,36.8,18.7,0.0075,,
0.454,58,37.5,18.7,0.0075,,
0.4625,59,38.2,18.7,0.0075,,
0.47,60,38.8,18.7,0.0075,,
0.4785,61,39.4,18.7,0.0085,,
0.487,62,40.1,18.7,0.0075,,
0.4955,63,40.7,18.7,0.0075,,
0.5035,64,41.4,18.7,0.0075,,
0.512,65,42,18.7,0.0085,,
0.5195,66,42.7,18.7,0.0075,,
0.528,67,43.3,18.7,0.0085,,
0.5365,68,44,18.7,0.0075,,
0.545,69,44.7,18.7,0.0075,,
0.5535,70,45.4,18.7,0.0075,,
0.562,71,46,18.7,0.0085,,
0.5695,72,46.6,18.7,0.0075,,
0.578,73,47.1,18.7,0.0085,,
0.5865,74,47.8,18.7,0.0075,,
0.5945,75,48.5,18.7,0.0075,,
0.603,76,49.2,18.7,0.0075,,
0.6115,77,49.9,18.7,0.0085,,
0.619,78,50.6,18.7,0.0075,,
0.6275,79,51.4,18.7,0.0085,,
0.636,80,52.1,18.7,0.0075,,
0.6445,81,52.7,18.7,0.0075,,
0.6525,82,53.4,18.7,0.0075,,
0.661,83,54,18.7,0.0085,,
0.6685,84,54.7,18.7,0.0075,,
0.677,85,55.4,18.7,0.0085,,
0.6855,86,56,18.7,0.0085,,
0.694,87,56.7,18.7,0.0075,,
0.7025,88,57.4,18.7,0.0075,,
0.711,89,58.1,18.7,0.0075,,
0.7185,90,59,18.7,0.0075,,
0.727,91,59.7,18.7,0.0085,,
0.735,92,60.4,18.7,0.008,,
0.7435,93,61.1,18.7,0.0075,,
0.752,94,61.9,18.7,0.0075,,
0.7605,95,62.7,18.7,0.0075,,
0.768,96,63.3,18.7,0.0075,,
0.7765,97,64,18.7,0.0085,,
0.785,98,64.8,18.8,0.0075,,
0.7935,99,65.6,18.7,0.0075,,
0.802,100,66.5,18.8,0.0075,,
0.81,101,67.3,18.8,0.008,,
0.818,102,68.1,18.8,0.008,,
0.826,103,69,18.8,0.008,,
0.8345,104,69.8,18.8,0.0075,,
0.843,105,70.7,18.8,0.0075,,
0.8515,106,71.8,18.8,0.0075,,
0.859,107,72.5,18.8,0.0075,,
0.8675,108,73.4,18.8,0.0085,,
0.876,109,74.4,18.8,0.0085,,
0.8845,110,75.3,18.8,0.0075,,
0.893,111,76.3,18.8,0.0075,,
0.901,112,77.1,18.8,0.0075,,
0.909,113,78,18.8,0.008,,
0.917,114,78.9,18.8,0.008,,
0.9255,115,80,18.8,0.0085,,
0.934,116,81.2,18.8,0.0075,,
0.9425,117,82.1,18.8,0.0075,,
0.951,118,83.4,18.8,0.0075,,
0.9585,119,84.4,18.8,0.0075,,
0.967,120,85.7,18.8,0.0085,,
0.9755,121,86.8,18.8,0.0075,,
0.984,122,88,18.8,0.0075,,
0.992,123,89.3,18.8,0.0075,,
1.0005,124,90.5,18.8,0.0085,,
1.008,125,91.7,18.8,0.0075,,
1.0165,126,93.1,18.8,0.0085,,
1.025,127,94.5,18.8,0.0075,,
1.0335,128,96.2,18.8,0.0075,,
1.042,129,97.6,18.8,0.0075,,
1.0505,130,99.1,18.8,0.0085,,
1.058,131,100.9,18.8,0.0075,,
1.0665,132,102.8,18.8,0.0085,,
1.075,133,104.6,18.8,0.0075,,
1.083,134,106.2,18.8,0.0075,,
1.0915,135,108.6,18.8,0.0075,,
1.1,136,110.5,18.8,0.0085,,
1.1075,137,112.7,18.8,0.0075,,
1.116,138,115,18.8,0.0085,,
1.1245,139,117.6,18.8,0.0075,,
1.133,140,120.2,18.8,0.0075,,
1.1415,141,122.8,18.8,0.0075,,
1.149,142,126,18.8,0.0075,,
1.1575,143,129.1,18.8,0.0085,,
1.1655,144,132.3,18.8,0.008,,
1.174,145,135.8,18.8,0.0075,,
1.1825,146,139,18.8,0.0075,,
1.191,147,142.6,18.8,0.0075,,
1.1985,148,145.7,18.8,0.0075,,
1.207,149,149.5,18.8,0.0085,,
1.2155,150,153.1,18.8,0.0085,,
1.224,151,156.7,18.8,0.0075,,
1.232,152,159.9,18.8,0.0075,,
1.2405,153,163,18.8,0.0075,,
1.248,154,165.8,18.8,0.0075,,
1.2565,155,168.5,18.8,0.0085,,
1.265,156,170.9,18.8,0.0085,,
1.2735,157,173.5,18.8,0.0075,,
1.282,158,175.8,18.8,0.0075,,
1.2905,159,177.7,18.8,0.0075,,
1.298,160,179.4,18.8,0.0075,,
1.3065,161,181.5,18.8,0.0085,,
1.315,162,183.2,18.8,0.0085,,
1.323,163,184.8,18.8,0.0075,,
1.326,164,185,18.8,0.006,,
1.326,404,189.5,19,0,,
1.3265,405,189.6,19,0.001,,
1.328,406,189.5,19,0.002,,
1.3305,407,189.7,19,0.0035,,
1.335,408,190.1,19,0.0065,,
1.341,409,190.6,19,0.0085,,
1.3495,410,191.4,19,0.014,,
1.357,411,192.6,19,0.0125,,
1.3655,412,193.6,19,0.014,,
1.374,413,194.6,19,0.012,,
1.3825,414,195.7,19,0.012,,
1.391,415,196.6,19,0.012,,
1.3985,416,197.6,19,0.0125,,
1.407,417,198.4,19,0.014,,
1.415,418,199.3,19,0.0135,,
1.4235,419,200.2,19,0.012,,
1.432,420,201.1,19,0.012,,
1.4405,421,202,19,0.012,,
1.448,422,202.6,19,0.0125,,
1.4565,423,203.4,19,0.014,,
1.465,424,204.1,19,0.012,,
1.4735,425,204.9,19,0.012,,
1.482,426,205.6,19,0.012,,
1.49,427,206.2,19,0.0115,,
1.4975,428,206.9,19,0.0125,,
1.506,429,207.5,19,0.014,,
1.5145,430,208.1,19,0.012,,
1.523,431,208.8,19,0.012,,
1.5315,432,209.4,19,0.012,,
1.54,433,209.9,19,0.014,,
1.5475,434,210.6,19,0.0125,,
1.556,435,211.1,19,0.014,,
1.5645,436,211.7,19,0.012,,
1.573,437,212.2,19,0.012,,
1.581,438,212.7,19,0.0115,,
1.5895,439,213.2,19,0.014,,
1.597,440,213.7,19,0.0125,,
1.6055,441,214.2,19,0.014,,
1.614,442,214.8,19,0.012,,
1.6225,443,215.2,19,0.012,,
1.631,444,215.7,19,0.012,,
1.6385,445,216.1,19,0.0125,,
1.647,446,216.6,19,0.014,,
1.6555,447,217.1,19,0.014,,
1.6635,448,217.5,19,0.0115,,
1.672,449,217.8,19,0.012,,
1.6805,450,218.3,19,0.012,,
1.688,451,218.7,19,0.0125,,
1.6965,452,219.2,19,0.014,,
1.705,453,219.5,19,0.014,,
1.7135,454,219.9,19,0.012,,
1.722,455,220.3,19,0.012,,
1.7305,456,220.8,19,0.012,,
1.738,457,221.1,19.1,0.0125,,
1.7465,458,221.5,19,0.014,,
1.7545,459,221.9,19,0.0115,,
1.763,460,222.2,19,0.012,,
1.7715,461,222.5,19.1,0.012,,
1.78,462,222.9,19,0.012,,
1.7875,463,223.3,19,0.0125,,
1.796,464,223.6,19,0.014,,
1.8045,465,223.9,19.1,0.012,,
1.813,466,224.3,19.1,0.012,,
1.8215,467,224.6,19.1,0.012,,
1.8295,468,224.9,19.1,0.0135,,
1.8375,469,225.2,19.1,0.0135,,
1.8455,470,225.6,19.1,0.0135,,
1.854,471,225.9,19.1,0.012,,
1.8625,472,226.2,19.1,0.012,,
1.871,473,226.6,19.1,0.012,,
1.8785,474,226.8,19.1,0.0125,,
1.887,475,227.1,19.1,0.014,,
1.8955,476,227.4,19.1,0.014,,
1.904,477,227.6,19.1,0.012,,
1.912,478,228,19.1,0.0115,,
1.9205,479,228.3,19.1,0.012,,
1.9285,480,228.5,19.1,0.0135,,
1.9365,481,228.8,19.1,0.0135,,
1.945,482,229.1,19.1,0.012,,
1.9535,483,229.4,19.1,0.012,,
1.962,484,229.7,19.1,0.012,,
1.9705,485,230,19.1,0.012,,
1.978,486,230.1,19.1,0.0125,,
1.9865,487,230.4,19.1,0.014,,
1.995,488,230.6,19.1,0.012,,
2.003,489,230.9,19.1,0.0115,,
2.0115,490,231.1,19.1,0.012,,
2.02,491,231.4,19.1,0.012,,
2.0275,492,231.7,19.1,0.0125,,
2.036,493,231.9,19.1,0.014,,
2.0445,494,232.1,19.1,0.014,,
2.053,495,232.4,19.1,0.012,,
2.0615,496,232.6,19.1,0.012,,
2.0695,497,232.9,19.1,0.0115,,
2.0775,498,233.1,19.1,0.0135,,
2.0855,499,233.3,19.1,0.0135,,
2.094,500,233.5,19.1,0.014,,
2.1025,501,233.8,19.1,0.012,,
2.111,502,233.9,19.1,0.012,,
Scope 1/1, Sample 3/9 (20190717_1),,,,,
Result,TitrationEP1,,,,,
V,t,E,T,dV/dt,E acc. stat.,Volume acc. stat.
0,0,-7.3,18.9,NaN,,
0.001,1,-8.1,18.9,0.001,,
0.0025,2,-8.2,18.9,0.0015,,
0.005,3,-8.3,18.9,0.0025,,
0.009,4,-8.2,18.9,0.0035,,
0.015,5,-7.7,18.9,0.0055,,
0.0235,6,-6.9,18.9,0.0075,,
0.032,7,-5.6,18.9,0.0075,,
0.0395,8,-4.1,18.9,0.007,,
0.048,9,-2,18.9,0.0075,,
0.0565,10,0,18.9,0.0075,,
0.065,11,1.1,18.9,0.0075,,
0.0735,12,2.6,18.9,0.0075,,
0.0815,13,3.9,18.9,0.0075,,
0.09,14,5,18.9,0.0085,,
0.0975,15,6.1,18.9,0.007,,
0.106,16,7.1,18.9,0.0075,,
0.1145,17,8.1,18.9,0.0075,,
0.123,18,9.2,18.9,0.0075,,
0.1315,19,10.2,18.9,0.0075,,
0.139,20,11.1,18.9,0.0075,,
0.1475,21,12,18.9,0.0075,,
0.156,22,12.8,18.9,0.0075,,
0.164,23,13.5,18.9,0.0075,,
0.1725,24,14.3,18.9,0.0075,,
0.181,25,15.1,18.9,0.0075,,
0.1885,26,15.8,18.9,0.0075,,
0.197,27,16.5,18.9,0.0075,,
0.2055,28,17.2,18.9,0.0075,,
0.214,29,17.9,18.9,0.0075,,
0.2225,30,18.6,18.9,0.0075,,
0.231,31,19.3,18.9,0.0075,,
0.2385,32,19.9,18.9,0.0075,,
0.247,33,20.5,18.9,0.0075,,
0.2555,34,21.2,18.9,0.0075,,
0.2635,35,21.9,18.9,0.0075,,
0.272,36,22.7,18.9,0.0075,,
0.2805,37,23.3,18.9,0.0075,,
0.288,38,24,18.9,0.0075,,
0.2965,39,24.7,18.9,0.0075,,
0.305,40,25.4,18.9,0.0075,,
0.3135,41,26.1,18.9,0.0075,,
0.322,42,26.8,18.9,0.0075,,
0.3295,43,27.5,18.9,0.0075,,
0.338,44,28.1,19,0.0085,,
0.346,45,28.7,19,0.0075,,
0.3545,46,29.3,19,0.0075,,
0.363,47,29.9,19,0.0075,,
0.3715,48,30.6,19,0.0075,,
0.379,49,31.2,19,0.0075,,
0.3875,50,31.8,19,0.0075,,
0.396,51,32.4,19,0.0075,,
0.4045,52,33.1,19,0.0075,,
0.413,53,33.8,19,0.0075,,
0.421,54,34.4,19,0.0075,,
0.429,55,35,19,0.008,,
0.437,56,35.6,19,0.0075,,
0.4455,57,36.2,19,0.0075,,
0.454,58,36.9,19,0.0075,,
0.4625,59,37.5,19,0.0075,,
0.471,60,38.2,19,0.0075,,
0.4785,61,38.8,19,0.0075,,
0.487,62,39.5,19,0.0075,,
0.4955,63,40.2,19,0.0075,,
0.5035,64,40.8,19,0.0075,,
0.512,65,41.5,19,0.0075,,
0.5205,66,42.1,19,0.0085,,
0.528,67,42.7,19,0.0075,,
0.5365,68,43.3,19,0.0075,,
0.545,69,44,19,0.0075,,
0.5535,70,44.7,19,0.0075,,
0.562,71,45.4,19,0.0075,,
0.5705,72,46,19,0.0085,,
0.578,73,46.6,19,0.0075,,
0.5865,74,47.3,19,0.0075,,
0.5945,75,47.9,19,0.0075,,
0.603,76,48.4,19,0.0075,,
0.6115,77,49.2,19,0.0075,,
0.62,78,49.8,19,0.0085,,
0.6275,79,50.6,19,0.0075,,
0.636,80,51.4,19,0.0075,,
0.6445,81,52.1,19,0.0075,,
0.653,82,52.7,19,0.0075,,
0.661,83,53.4,19,0.0075,,
0.6695,84,53.9,19,0.0085,,
0.677,85,54.7,19,0.0075,,
0.6855,86,55.4,19,0.0075,,
0.694,87,56.1,19,0.0075,,
0.7025,88,56.9,19,0.0075,,
0.711,89,57.7,19,0.0075,,
0.7195,90,58.3,19,0.0085,,
0.727,91,59,19,0.0075,,
0.7355,92,59.8,19,0.0075,,
0.744,93,60.5,19,0.0075,,
0.752,94,61.3,19,0.0075,,
0.7605,95,62.1,19,0.0075,,
0.769,96,62.8,19,0.0085,,
0.7765,97,63.6,19,0.007,,
0.785,98,64.4,19,0.0075,,
0.7935,99,65.2,19,0.0075,,
0.802,100,66,19,0.0075,,
0.8105,101,66.8,19,0.0075,,
0.818,102,67.6,19,0.0075,,
0.8265,103,68.5,19,0.0075,,
0.835,104,69.2,19,0.0075,,
0.843,105,70,19,0.0075,,
0.8515,106,70.9,19,0.0075,,
0.86,107,71.8,19,0.0075,,
0.8675,108,72.6,19,0.0075,,
0.876,109,73.5,19,0.0075,,
0.8845,110,74.4,19,0.0075,,
0.893,111,75.3,19,0.0075,,
0.9015,112,76.3,19,0.0075,,
0.9095,113,77.3,19,0.0075,,
0.9175,114,78.1,19,0.008,,
0.9255,115,79.3,19,0.0075,,
0.934,116,80.3,19,0.0075,,
0.9425,117,81.1,19,0.0075,,
0.951,118,82.3,19,0.0075,,
0.9595,119,83.4,19,0.0075,,
0.967,120,84.6,19,0.0075,,
0.9755,121,85.7,19,0.0075,,
0.984,122,86.8,19,0.0075,,
0.992,123,88.1,19,0.0075,,
1.0005,124,89.3,19,0.0075,,
1.009,125,90.5,19,0.0085,,
1.0165,126,91.9,19,0.0075,,
1.025,127,93.3,19,0.0075,,
1.0335,128,94.7,19,0.0075,,
1.042,129,96,19,0.0075,,
1.0505,130,97.4,19,0.0075,,
1.059,131,98.8,19,0.0085,,
1.0665,132,100.5,19,0.0075,,
1.075,133,102.2,19,0.0075,,
1.083,134,104,19,0.0075,,
1.0915,135,106,19,0.0075,,
1.1,136,108.1,19,0.0075,,
1.1085,137,110.1,19,0.0075,,
1.116,138,112.3,19,0.0075,,
1.1245,139,114.6,19,0.0075,,
1.133,140,117.1,19,0.0075,,
1.1415,141,119.9,19,0.0075,,
1.1495,142,122.8,19,0.0075,,
1.158,143,125.5,19,0.0075,,
1.1655,144,128.2,19.1,0.0075,,
1.174,145,131.4,19.1,0.0075,,
1.1825,146,134.9,19.1,0.0075,,
1.191,147,138,19.1,0.0075,,
1.1995,148,141.5,19.1,0.0075,,
1.208,149,144.9,19.1,0.0085,,
1.2155,150,148.6,19.1,0.0075,,
1.224,151,152.5,19.1,0.0075,,
1.232,152,155.9,19.1,0.0075,,
1.2405,153,159.4,19.1,0.0075,,
1.249,154,162.5,19.1,0.0075,,
1.2575,155,165.4,19.1,0.0075,,
1.265,156,167.7,19.1,0.0075,,
1.2735,157,170.4,19.1,0.0075,,
1.282,158,172.9,19.1,0.0075,,
1.2905,159,175.3,19.1,0.0075,,
1.2985,160,177.3,19.1,0.0075,,
1.307,161,179.1,19.1,0.0085,,
1.3145,162,180.7,19.1,0.0075,,
1.323,163,182.4,19.1,0.0075,,
1.3315,164,184.2,19.1,0.0075,,
1.3385,165,185.2,19.1,0.008,,
1.3385,405,189.8,19.2,0,,
1.339,406,189.7,19.2,0.0005,,
1.3405,407,189.7,19.2,0.0015,,
1.343,408,189.8,19.2,0.0025,,
1.3475,409,190.2,19.2,0.004,,
1.3535,410,190.8,19.2,0.0055,,
1.362,411,191.7,19.2,0.0085,,
1.3695,412,192.8,19.2,0.0075,,
1.378,413,193.8,19.2,0.0085,,
1.3865,414,194.8,19.2,0.0075,,
1.395,415,195.7,19.2,0.0075,,
1.4035,416,196.6,19.2,0.0075,,
1.411,417,197.6,19.2,0.0075,,
1.4195,418,198.5,19.2,0.0085,,
1.4275,419,199.4,19.2,0.008,,
1.436,420,200.2,19.2,0.0075,,
1.4445,421,201.1,19.2,0.0075,,
1.453,422,201.9,19.2,0.0075,,
1.4605,423,202.6,19.2,0.0075,,
1.469,424,203.4,19.2,0.0085,,
1.4775,425,204.1,19.2,0.0085,,
1.486,426,204.9,19.2,0.0075,,
1.4945,427,205.6,19.2,0.0075,,
1.5025,428,206.2,19.2,0.0075,,
1.5105,429,206.9,19.2,0.008,,
1.5185,430,207.6,19.2,0.008,,
1.527,431,208.2,19.2,0.0075,,
1.5355,432,208.8,19.2,0.0075,,
1.544,433,209.3,19.3,0.0075,,
1.5525,434,210,19.3,0.0075,,
1.56,435,210.5,19.3,0.0075,,
1.5685,436,211.1,19.3,0.0085,,
1.577,437,211.6,19.3,0.0075,,
1.585,438,212.1,19.3,0.0075,,
1.5935,439,212.7,19.3,0.0075,,
1.602,440,213.1,19.3,0.0085,,
1.6095,441,213.7,19.3,0.0075,,
1.618,442,214.1,19.3,0.0085,,
1.6265,443,214.7,19.3,0.0075,,
1.635,444,215.2,19.3,0.0075,,
1.6435,445,215.7,19.3,0.0075,,
1.6515,446,216.1,19.3,0.0075,,
1.6595,447,216.5,19.3,0.008,,
1.6675,448,217,19.3,0.008,,
1.676,449,217.4,19.3,0.0075,,
1.6845,450,217.8,19.3,0.0075,,
1.693,451,218.2,19.3,0.0075,,
1.7015,452,218.6,19.3,0.0085,,
1.709,453,219.1,19.3,0.0075,,
1.7175,454,219.5,19.3,0.0085,,
1.726,455,219.9,19.3,0.0085,,
1.734,456,220.3,19.3,0.0075,,
1.7425,457,220.7,19.3,0.0075,,
1.751,458,221,19.3,0.0075,,
1.7585,459,221.4,19.3,0.0075,,
1.767,460,221.8,19.3,0.0085,,
1.7755,461,222.2,19.3,0.0075,,
1.784,462,222.5,19.3,0.0075,,
1.7925,463,222.8,19.3,0.0075,,
1.801,464,223.2,19.3,0.0085,,
1.8085,465,223.5,19.3,0.0075,,
1.817,466,223.9,19.3,0.0085,,
1.8255,467,224.2,19.3,0.0075,,
1.8335,468,224.5,19.3,0.0075,,
1.842,469,224.8,19.3,0.0075,,
1.8505,470,225.1,19.3,0.0085,,
1.858,471,225.5,19.3,0.0075,,
1.8665,472,225.8,19.3,0.0085,,
1.875,473,226.1,19.3,0.0075,,
1.8835,474,226.4,19.3,0.0075,,
1.892,475,226.7,19.3,0.0075,,
1.8995,476,226.9,19.3,0.0075,,
1.908,477,227.2,19.3,0.0085,,
1.916,478,227.6,19.3,0.008,,
1.9245,479,227.9,19.3,0.0075,,
1.933,480,228.1,19.3,0.0075,,
1.9415,481,228.4,19.3,0.0075,,
1.95,482,228.7,19.3,0.0085,,
1.9575,483,228.9,19.3,0.0075,,
1.966,484,229.3,19.3,0.0085,,
1.9745,485,229.5,19.3,0.0075,,
1.9825,486,229.8,19.3,0.0075,,
1.991,487,230.1,19.3,0.0075,,
1.9985,488,230.3,19.3,0.0075,,
2.007,489,230.6,19.3,0.0085,,
2.0155,490,230.8,19.3,0.0085,,
2.024,491,231.1,19.3,0.0075,,
2.0325,492,231.4,19.3,0.0075,,
2.041,493,231.6,19.3,0.0075,,
2.0485,494,231.8,19.3,0.0075,,
2.057,495,232,19.3,0.0085,,
2.0655,496,232.3,19.3,0.0085,,
2.0735,497,232.5,19.3,0.0075,,
2.082,498,232.8,19.3,0.0075,,
2.0905,499,233,19.3,0.0085,,
2.098,500,233.2,19.3,0.0075,,
2.1065,501,233.5,19.3,0.0085,,
2.115,502,233.7,19.3,0.0075,,
2.1235,503,233.9,19.3,0.0075,,
2.1315,504,234.2,19.3,0.0075,,
Scope 1/1, Sample 4/9 (20190717_19),,,,,
Result,TitrationEP1,,,,,
V,t,E,T,dV/dt,E acc. stat.,Volume acc. stat.
0,0,4.2,19.1,NaN,,
0.001,1,3.5,19.1,0.001,,
0.0025,2,3.3,19.1,0.0015,,
0.005,3,3.3,19.1,0.0025,,
0.009,4,3.4,19.1,0.0035,,
0.015,5,3.8,19.1,0.0055,,
0.0235,6,4.5,19.1,0.0075,,
0.032,7,5.5,19.1,0.0075,,
0.0405,8,6.6,19.1,0.0075,,
0.049,9,7.7,19.1,0.007,,
0.0565,10,8.9,19.1,0.007,,
0.065,11,10,19.1,0.0075,,
0.073,12,11,19.1,0.0075,,
0.0815,13,12,19.1,0.0075,,
0.09,14,12.8,19.1,0.0075,,
0.0985,15,13.6,19.1,0.0075,,
0.106,16,14.4,19.1,0.007,,
0.1145,17,15.1,19.1,0.0075,,
0.123,18,15.9,19.1,0.0075,,
0.1315,19,16.6,19.1,0.0075,,
0.1395,20,17.3,19.1,0.0075,,
0.148,21,18,19.1,0.0075,,
0.1555,22,18.6,19.1,0.007,,
0.164,23,19.3,19.1,0.0075,,
0.1725,24,19.9,19.1,0.0075,,
0.181,25,20.6,19.1,0.0075,,
0.1895,26,21.2,19.1,0.0075,,
0.198,27,21.7,19.1,0.0075,,
0.2055,28,22.3,19.1,0.007,,
0.214,29,22.9,19.1,0.0075,,
0.2225,30,23.6,19.1,0.0075,,
0.2305,31,24.1,19.1,0.0075,,
0.239,32,24.8,19.1,0.0075,,
0.2475,33,25.3,19.1,0.0075,,
0.255,34,25.9,19.1,0.007,,
0.2635,35,26.5,19.1,0.0075,,
0.272,36,27.1,19.1,0.0075,,
0.2805,37,27.7,19.1,0.0075,,
0.289,38,28.3,19.1,0.0075,,
0.297,39,28.8,19.1,0.0075,,
0.305,40,29.3,19.1,0.0075,,
0.313,41,30,19.1,0.0075,,
0.3215,42,30.7,19.1,0.0075,,
0.33,43,31.2,19.1,0.0075,,
0.3385,44,31.8,19.1,0.0075,,
0.346,45,32.3,19.1,0.007,,
0.3545,46,32.8,19.1,0.0075,,
0.363,47,33.4,19.1,0.0075,,
0.3715,48,34.1,19.1,0.0075,,
0.38,49,34.7,19.1,0.0075,,
0.388,50,35.2,19.1,0.0075,,
0.396,51,35.7,19.1,0.0075,,
0.404,52,36.3,19.1,0.0075,,
0.4125,53,37,19.1,0.0075,,
0.421,54,37.6,19.1,0.0075,,
0.4295,55,38.2,19.1,0.0075,,
0.438,56,38.8,19.1,0.0075,,
0.4455,57,39.3,19.1,0.007,,
0.454,58,39.9,19.1,0.0075,,
0.4625,59,40.6,19.1,0.0075,,
0.471,60,41.2,19.1,0.0075,,
0.479,61,41.8,19.1,0.0075,,
0.4875,62,42.5,19.1,0.007,,
0.495,63,43,19.1,0.007,,
0.5035,64,43.6,19.1,0.0075,,
0.512,65,44.2,19.1,0.0075,,
0.5205,66,44.9,19.1,0.0075,,
0.529,67,45.5,19.1,0.0075,,
0.5375,68,46.2,19.1,0.0075,,
0.545,69,46.8,19.1,0.007,,
0.5535,70,47.4,19.1,0.0075,,
0.562,71,48.1,19.1,0.0075,,
0.57,72,48.8,19.1,0.0075,,
0.5785,73,49.3,19.1,0.0075,,
0.587,74,49.8,19.1,0.0075,,
0.5945,75,50.6,19.2,0.007,,
0.603,76,51.2,19.2,0.0075,,
0.6115,77,51.8,19.1,0.0075,,
0.62,78,52.4,19.2,0.0075,,
0.6285,79,53.1,19.2,0.0075,,
0.6365,80,53.7,19.2,0.0075,,
0.6445,81,54.5,19.2,0.0075,,
0.6525,82,55.1,19.2,0.0075,,
0.661,83,55.8,19.2,0.0075,,
0.6695,84,56.5,19.2,0.0075,,
0.678,85,57.1,19.2,0.0075,,
0.6855,86,57.8,19.2,0.007,,
0.694,87,58.5,19.2,0.0075,,
0.7025,88,59.2,19.2,0.0075,,
0.711,89,60,19.2,0.0075,,
0.7195,90,60.7,19.2,0.0075,,
0.7275,91,61.4,19.2,0.0075,,
0.7355,92,62.1,19.2,0.0075,,
0.7435,93,62.9,19.2,0.0075,,
0.752,94,63.5,19.2,0.0075,,
0.7605,95,64.3,19.2,0.0075,,
0.769,96,65.1,19.2,0.0075,,
0.7775,97,65.8,19.2,0.0075,,
0.785,98,66.5,19.2,0.007,,
0.7935,99,67.2,19.2,0.0075,,
0.802,100,67.8,19.2,0.0075,,
0.81,101,68.7,19.2,0.0075,,
0.8185,102,69.5,19.2,0.0075,,
0.827,103,70.3,19.2,0.007,,
0.8345,104,71,19.2,0.007,,
0.843,105,71.9,19.2,0.0075,,
0.8515,106,72.7,19.2,0.0075,,
0.86,107,73.8,19.2,0.0075,,
0.8685,108,74.7,19.2,0.0075,,
0.876,109,75.4,19.2,0.007,,
0.8845,110,76.2,19.2,0.0075,,
0.893,111,77.2,19.2,0.0075,,
0.901,112,78.2,19.2,0.0075,,
0.9095,113,79.2,19.2,0.0075,,
0.918,114,80.2,19.2,0.0075,,
0.9255,115,81.2,19.2,0.007,,
0.934,116,82.2,19.2,0.0075,,
0.9425,117,83.3,19.2,0.0075,,
0.951,118,84.4,19.2,0.0075,,
0.9595,119,85.4,19.2,0.0075,,
0.968,120,86.5,19.2,0.0075,,
0.9755,121,87.5,19.2,0.007,,
0.984,122,88.8,19.2,0.0075,,
0.992,123,90,19.2,0.0075,,
1.0005,124,91.2,19.2,0.0075,,
1.009,125,92.4,19.2,0.0075,,
1.0175,126,93.9,19.2,0.0075,,
1.025,127,95,19.2,0.007,,
1.0335,128,96.4,19.2,0.0075,,
1.042,129,97.9,19.2,0.0075,,
1.0505,130,99.5,19.2,0.0075,,
1.0585,131,101.1,19.2,0.0075,,
1.067,132,102.7,19.2,0.0075,,
1.0745,133,104.4,19.2,0.007,,
1.083,134,106.2,19.2,0.0075,,
1.0915,135,108.1,19.2,0.0075,,
1.1,136,110.3,19.2,0.0075,,
1.1085,137,112.5,19.2,0.0075,,
1.117,138,114.9,19.2,0.0075,,
1.1245,139,117.1,19.2,0.007,,
1.133,140,119.8,19.2,0.0075,,
1.1415,141,122.3,19.2,0.0075,,
1.1495,142,125.2,19.2,0.0075,,
1.158,143,128.3,19.2,0.0075,,
1.1665,144,131.3,19.2,0.0075,,
1.174,145,134.2,19.2,0.007,,
1.1825,146,138,19.2,0.0075,,
1.191,147,141.5,19.2,0.0075,,
1.1995,148,145,19.2,0.0075,,
1.2075,149,148.4,19.2,0.0075,,
1.216,150,152,19.2,0.0075,,
1.2235,151,155.3,19.2,0.007,,
1.232,152,158.8,19.2,0.0075,,
1.2405,153,161.9,19.2,0.0075,,
1.249,154,164.8,19.2,0.0075,,
1.2575,155,167.7,19.2,0.0075,,
1.266,156,170.4,19.2,0.0075,,
1.2735,157,172.6,19.2,0.007,,
1.282,158,174.8,19.2,0.0075,,
1.2905,159,176.9,19.2,0.0075,,
1.2985,160,178.7,19.2,0.0075,,
1.307,161,180.9,19.2,0.0075,,
1.3155,162,182.3,19.2,0.0075,,
1.323,163,184.2,19.2,0.007,,
1.3295,164,185,19.2,0.007,,
1.3295,404,189.4,19.4,0,,
1.33,405,189.4,19.4,0.0005,,
1.3315,406,189.3,19.4,0.0015,,
1.334,407,189.5,19.4,0.0025,,
1.338,408,189.9,19.4,0.0035,,
1.344,409,190.5,19.4,0.0055,,
1.3525,410,191.4,19.4,0.0075,,
1.36,411,192.5,19.4,0.0075,,
1.3685,412,193.4,19.4,0.0085,,
1.377,413,194.5,19.4,0.0085,,
1.3855,414,195.4,19.4,0.0075,,
1.3935,415,196.4,19.4,0.0075,,
1.402,416,197.4,19.4,0.0075,,
1.4095,417,198.2,19.4,0.0075,,
1.418,418,199.2,19.4,0.0085,,
1.4265,419,200.1,19.4,0.0075,,
1.435,420,200.9,19.4,0.0075,,
1.4435,421,201.7,19.4,0.0075,,
1.452,422,202.6,19.4,0.0075,,
1.4595,423,203.2,19.4,0.0075,,
1.468,424,203.9,19.4,0.0085,,
1.476,425,204.7,19.4,0.008,,
1.4845,426,205.4,19.4,0.0075,,
1.493,427,206.1,19.4,0.0075,,
1.5015,428,206.8,19.4,0.0075,,
1.509,429,207.4,19.4,0.0075,,
1.5175,430,208.1,19.4,0.0085,,
1.526,431,208.7,19.4,0.0085,,
1.5345,432,209.4,19.4,0.0075,,
1.543,433,209.8,19.4,0.0075,,
1.551,434,210.4,19.4,0.008,,
1.559,435,211,19.4,0.008,,
1.567,436,211.6,19.4,0.008,,
1.5755,437,212.1,19.4,0.0075,,
1.584,438,212.7,19.4,0.0075,,
1.5925,439,213.1,19.4,0.0075,,
1.601,440,213.6,19.4,0.0085,,
1.6085,441,214.1,19.4,0.0075,,
1.617,442,214.6,19.4,0.0085,,
1.6255,443,215.1,19.4,0.0075,,
1.6335,444,215.5,19.4,0.0075,,
1.642,445,216.1,19.4,0.0075,,
1.6505,446,216.5,19.4,0.0085,,
1.658,447,217,19.4,0.0075,,
1.6665,448,217.4,19.4,0.0085,,
1.675,449,217.8,19.4,0.0085,,
1.6835,450,218.3,19.4,0.0075,,
1.692,451,218.6,19.4,0.0075,,
1.7,452,219.1,19.4,0.0075,,
1.708,453,219.4,19.4,0.008,,
1.716,454,219.9,19.4,0.008,,
1.7245,455,220.3,19.4,0.0075,,
1.733,456,220.7,19.4,0.0075,,
1.7415,457,221,19.4,0.0075,,
1.75,458,221.4,19.4,0.0075,,
1.7575,459,221.8,19.4,0.0075,,
1.766,460,222.2,19.4,0.0085,,
1.7745,461,222.5,19.4,0.0075,,
1.7825,462,222.9,19.4,0.0075,,
1.791,463,223.3,19.4,0.0075,,
1.7995,464,223.5,19.4,0.0075,,
1.807,465,223.8,19.4,0.0075,,
1.8155,466,224.2,19.4,0.0085,,
1.824,467,224.6,19.4,0.0075,,
1.8325,468,224.9,19.4,0.0075,,
1.841,469,225.3,19.4,0.0075,,
1.849,470,225.5,19.4,0.008,,
1.857,471,225.8,19.4,0.008,,
1.8655,472,226.2,19.4,0.0085,,
1.8735,473,226.5,19.4,0.008,,
1.882,474,226.7,19.4,0.0075,,
1.8905,475,227.1,19.4,0.0075,,
1.899,476,227.3,19.4,0.0085,,
1.9065,477,227.6,19.4,0.0075,,
1.915,478,227.9,19.4,0.0085,,
1.9235,479,228.2,19.4,0.0075,,
1.932,480,228.4,19.4,0.0075,,
1.94,481,228.8,19.4,0.0075,,
1.948,482,229.1,19.4,0.008,,
1.956,483,229.3,19.4,0.008,,
1.9645,484,229.5,19.4,0.0085,,
1.973,485,229.8,19.4,0.0075,,
1.9815,486,230.2,19.4,0.0075,,
1.99,487,230.4,19.4,0.0075,,
1.9975,488,230.6,19.4,0.0075,,
2.006,489,230.9,19.4,0.0085,,
2.0145,490,231.2,19.4,0.0075,,
2.023,491,231.4,19.4,0.0075,,
2.031,492,231.7,19.4,0.0075,,
2.0395,493,231.8,19.4,0.0075,,
2.047,494,232.1,19.4,0.0075,,
2.0555,495,232.3,19.4,0.0085,,
2.064,496,232.6,19.4,0.0075,,
2.0725,497,232.8,19.4,0.0075,,
2.081,498,233,19.4,0.0075,,
2.0895,499,233.4,19.4,0.0075,,
2.097,500,233.5,19.5,0.0075,,
2.1055,501,233.8,19.4,0.0085,,
2.114,502,234,19.5,0.0075,,
2.122,503,234.3,19.5,0.0075,,
2.125,504,234.5,19.5,0.0025,,
2.127,505,234.5,19.5,0.002,,
Scope 1/1, Sample 5/9 (20190717_3),,,,,
Result,TitrationEP1,,,,,
V,t,E,T,dV/dt,E acc. stat.,Volume acc. stat.
0,0,-9.9,19.3,NaN,,
0.001,1,-10.5,19.3,0.001,,
0.0025,2,-10.7,19.3,0.0015,,
0.005,3,-10.7,19.3,0.002,,
0.009,4,-10.6,19.3,0.0035,,
0.0155,5,-10.3,19.3,0.0055,,
0.023,6,-9.6,19.3,0.007,,
0.0315,7,-8.3,19.3,0.0075,,
0.04,8,-6.5,19.3,0.0075,,
0.0485,9,-4.7,19.3,0.007,,
0.057,10,-2.7,19.3,0.007,,
0.0655,11,-0.3,19.3,0.007,,
0.073,12,0.3,19.3,0.007,,
0.0815,13,1.9,19.3,0.0075,,
0.0895,14,3.2,19.3,0.0065,,
0.098,15,4.4,19.3,0.007,,
0.1065,16,5.5,19.3,0.007,,
0.115,17,6.4,19.3,0.0075,,
0.1225,18,7.4,19.3,0.007,,
0.131,19,8.4,19.3,0.0075,,
0.1395,20,9.4,19.3,0.0075,,
0.148,21,10.4,19.3,0.007,,
0.156,22,11.3,19.3,0.0065,,
0.164,23,12,19.3,0.0075,,
0.172,24,12.9,19.3,0.0075,,
0.1805,25,13.7,19.3,0.0075,,
0.189,26,14.5,19.3,0.007,,
0.1975,27,15.2,19.3,0.007,,
0.206,28,15.9,19.3,0.007,,
0.2135,29,16.6,19.3,0.007,,
0.222,30,17.3,19.3,0.0075,,
0.2305,31,18.1,19.3,0.0075,,
0.2385,32,18.8,19.3,0.0065,,
0.247,33,19.5,19.3,0.007,,
0.2555,34,20.2,19.3,0.007,,
0.263,35,20.9,19.3,0.007,,
0.2715,36,21.7,19.3,0.0075,,
0.28,37,22.4,19.3,0.0075,,
0.2885,38,23.1,19.3,0.007,,
0.297,39,23.9,19.3,0.007,,
0.3055,40,24.7,19.3,0.007,,
0.313,41,25.2,19.3,0.007,,
0.3215,42,26,19.3,0.0075,,
0.3295,43,26.7,19.3,0.0075,,
0.338,44,27.4,19.3,0.007,,
0.3465,45,28.1,19.3,0.007,,
0.355,46,28.7,19.3,0.007,,
0.3625,47,29.3,19.3,0.007,,
0.371,48,30,19.3,0.0075,,
0.3795,49,30.6,19.3,0.0075,,
0.388,50,31.3,19.3,0.007,,
0.3965,51,31.9,19.3,0.007,,
0.4045,52,32.5,19.3,0.0075,,
0.4125,53,33.1,19.3,0.0075,,
0.4205,54,33.8,19.3,0.0075,,
0.429,55,34.4,19.3,0.0075,,
0.4375,56,35.1,19.3,0.007,,
0.446,57,35.8,19.3,0.007,,
0.4545,58,36.5,19.3,0.007,,
0.462,59,37.1,19.3,0.007,,
0.4705,60,37.8,19.3,0.0075,,
0.479,61,38.6,19.3,0.007,,
0.4875,62,39.2,19.3,0.007,,
0.4955,63,39.9,19.3,0.0065,,
0.504,64,40.5,19.3,0.0075,,
0.5115,65,41.3,19.3,0.007,,
0.52,66,42,19.3,0.0075,,
0.5285,67,42.7,19.3,0.007,,
0.537,68,43.2,19.3,0.007,,
0.5455,69,43.8,19.3,0.007,,
0.553,70,44.3,19.3,0.007,,
0.5615,71,45.1,19.3,0.0075,,
0.57,72,45.7,19.3,0.0075,,
0.578,73,46.4,19.3,0.0065,,
0.5865,74,47.2,19.3,0.007,,
0.595,75,48,19.3,0.007,,
0.6025,76,48.6,19.3,0.007,,
0.611,77,49.4,19.3,0.0075,,
0.6195,78,50,19.3,0.0075,,
0.628,79,50.7,19.3,0.007,,
0.6365,80,51.3,19.3,0.007,,
0.6445,81,52,19.3,0.0065,,
0.6525,82,52.7,19.3,0.0075,,
0.6605,83,53.3,19.3,0.0075,,
0.669,84,54.2,19.3,0.0075,,
0.6775,85,55,19.3,0.007,,
0.686,86,55.6,19.3,0.007,,
0.6945,87,56.4,19.3,0.007,,
0.702,88,56.9,19.3,0.007,,
0.7105,89,57.7,19.3,0.0075,,
0.719,90,58.6,19.3,0.0075,,
0.7275,91,59.3,19.4,0.007,,
0.7355,92,60.1,19.4,0.0065,,
0.744,93,60.8,19.4,0.007,,
0.7515,94,61.7,19.4,0.007,,
0.76,95,62.3,19.4,0.0075,,
0.7685,96,63,19.4,0.0075,,
0.777,97,63.8,19.4,0.007,,
0.7855,98,64.6,19.4,0.007,,
0.794,99,65.4,19.4,0.007,,
0.8015,100,66.2,19.4,0.007,,
0.81,101,67.2,19.4,0.0075,,
0.818,102,68.2,19.4,0.0075,,
0.8265,103,69,19.4,0.007,,
0.835,104,69.7,19.4,0.007,,
0.8435,105,70.7,19.4,0.007,,
0.851,106,71.3,19.4,0.007,,
0.8595,107,72.4,19.4,0.0075,,
0.868,108,73.4,19.4,0.0075,,
0.8765,109,74.3,19.4,0.007,,
0.885,110,75.4,19.4,0.007,,
0.893,111,76.2,19.4,0.0075,,
0.901,112,77.1,19.4,0.0075,,
0.909,113,78,19.4,0.0075,,
0.9175,114,79,19.4,0.0075,,
0.926,115,80.1,19.4,0.007,,
0.9345,116,81.5,19.4,0.007,,
0.943,117,82.5,19.4,0.0075,,
0.9505,118,83.4,19.4,0.007,,
0.959,119,84.3,19.4,0.0075,,
0.9675,120,85.5,19.4,0.007,,
0.976,121,86.7,19.4,0.007,,
0.984,122,87.8,19.4,0.0065,,
0.9925,123,88.9,19.4,0.0075,,
1,124,90.1,19.4,0.007,,
1.0085,125,91.5,19.4,0.0075,,
1.017,126,92.9,19.4,0.007,,
1.0255,127,94.5,19.4,0.007,,
1.034,128,96,19.4,0.007,,
1.0415,129,97.6,19.4,0.007,,
1.05,130,99.4,19.4,0.0075,,
1.0585,131,100.7,19.4,0.0075,,
1.0665,132,102.1,19.4,0.0065,,
1.075,133,104.2,19.4,0.007,,
1.0835,134,106.3,19.4,0.007,,
1.091,135,108.1,19.4,0.007,,
1.0995,136,110,19.4,0.0075,,
1.108,137,112.4,19.4,0.0075,,
1.1165,138,115,19.4,0.007,,
1.125,139,117.7,19.4,0.007,,
1.133,140,120.2,19.4,0.0065,,
1.141,141,122.8,19.4,0.0075,,
1.149,142,126,19.4,0.0075,,
1.1575,143,129.2,19.4,0.0075,,
1.166,144,132.2,19.4,0.007,,
1.1745,145,135.4,19.4,0.007,,
1.183,146,138.9,19.4,0.007,,
1.1905,147,142.2,19.4,0.007,,
1.199,148,146,19.4,0.0075,,
1.2075,149,149.7,19.4,0.0075,,
1.2155,150,153.2,19.4,0.0065,,
1.224,151,157,19.4,0.007,,
1.2325,152,160.1,19.4,0.007,,
1.241,153,162.8,19.4,0.0075,,
1.2485,154,165.7,19.4,0.007,,
1.257,155,168.3,19.4,0.0075,,
1.2655,156,170.7,19.4,0.007,,
1.274,157,172.9,19.4,0.007,,
1.2825,158,175.2,19.4,0.007,,
1.29,159,177.2,19.4,0.007,,
1.298,160,179.3,19.4,0.0075,,
1.3065,161,180.9,19.4,0.0075,,
1.315,162,182.9,19.4,0.007,,
1.3235,163,184.4,19.4,0.007,,
1.329,164,185.2,19.4,0.006,,
1.329,404,189.7,19.6,0,,
1.3295,405,189.7,19.6,0.0005,,
1.331,406,189.7,19.6,0.0015,,
1.3335,407,189.8,19.6,0.0025,,
1.3375,408,190.2,19.6,0.0035,,
1.344,409,190.8,19.6,0.006,,
1.352,410,191.6,19.6,0.008,,
1.36,411,192.7,19.6,0.008,,
1.368,412,193.7,19.6,0.008,,
1.3765,413,194.8,19.6,0.0075,,
1.385,414,195.8,19.6,0.0075,,
1.3935,415,196.8,19.6,0.0075,,
1.402,416,197.6,19.6,0.0085,,
1.4095,417,198.6,19.6,0.0075,,
1.418,418,199.4,19.6,0.0085,,
1.4265,419,200.3,19.6,0.0075,,
1.435,420,201.3,19.6,0.0075,,
1.443,421,202,19.6,0.0075,,
1.451,422,202.7,19.6,0.008,,
1.459,423,203.5,19.6,0.008,,
1.4675,424,204.2,19.6,0.0085,,
1.476,425,204.9,19.6,0.0075,,
1.4845,426,205.6,19.6,0.0075,,
1.493,427,206.5,19.6,0.0075,,
1.5005,428,207,19.6,0.0075,,
1.509,429,207.7,19.6,0.0085,,
1.5175,430,208.3,19.6,0.0085,,
1.5255,431,208.9,19.6,0.0075,,
1.534,432,209.5,19.6,0.0075,,
1.5425,433,210.2,19.6,0.0075,,
1.55,434,210.7,19.6,0.0075,,
1.5585,435,211.3,19.6,0.0085,,
1.567,436,211.8,19.6,0.0085,,
1.5755,437,212.3,19.6,0.0075,,
1.584,438,212.8,19.6,0.0075,,
1.592,439,213.5,19.6,0.0075,,
1.6,440,213.9,19.6,0.008,,
1.608,441,214.4,19.6,0.008,,
1.6165,442,214.8,19.6,0.0085,,
1.625,443,215.4,19.6,0.0075,,
1.6335,444,215.8,19.6,0.0075,,
1.642,445,216.3,19.6,0.0075,,
1.6495,446,216.7,19.6,0.0075,,
1.658,447,217.2,19.6,0.0085,,
1.6665,448,217.6,19.6,0.0085,,
1.675,449,218.1,19.6,0.0075,,
1.683,450,218.5,19.6,0.0075,,
1.6915,451,218.8,19.6,0.0075,,
1.699,452,219.2,19.6,0.0075,,
1.7075,453,219.7,19.6,0.0085,,
1.716,454,220.1,19.6,0.0085,,
1.7245,455,220.5,19.6,0.0075,,
1.733,456,220.9,19.6,0.0075,,
1.7415,457,221.3,19.6,0.0075,,
1.749,458,221.6,19.6,0.0075,,
1.7575,459,222,19.6,0.0085,,
1.766,460,222.3,19.6,0.0075,,
1.774,461,222.7,19.6,0.0075,,
1.7825,462,223.2,19.6,0.0075,,
1.791,463,223.4,19.6,0.0085,,
1.7985,464,223.7,19.6,0.0075,,
1.807,465,224,19.6,0.0085,,
1.8155,466,224.4,19.6,0.0085,,
1.824,467,224.8,19.6,0.0075,,
1.8325,468,225.1,19.6,0.0075,,
1.8405,469,225.4,19.6,0.008,,
1.8485,470,225.7,19.6,0.008,,
1.8565,471,226.1,19.6,0.008,,
1.865,472,226.4,19.6,0.0075,,
1.8735,473,226.7,19.6,0.0075,,
1.882,474,227,19.6,0.0075,,
1.8905,475,227.3,19.6,0.0075,,
1.898,476,227.5,19.6,0.0075,,
1.9065,477,227.9,19.6,0.0085,,
1.915,478,228.2,19.6,0.0075,,
1.923,479,228.4,19.6,0.0075,,
1.9315,480,228.7,19.6,0.0075,,
1.94,481,228.9,19.6,0.0085,,
1.9475,482,229.3,19.6,0.0075,,
1.956,483,229.5,19.6,0.0085,,
1.9645,484,229.8,19.6,0.0075,,
1.973,485,230,19.6,0.0075,,
1.9815,486,230.3,19.6,0.0075,,
1.989,487,230.5,19.6,0.0075,,
1.9975,488,230.7,19.6,0.0085,,
2.006,489,231.1,19.6,0.0085,,
2.014,490,231.3,19.6,0.0075,,
2.0225,491,231.6,19.6,0.0075,,
2.031,492,231.9,19.6,0.0075,,
2.0385,493,232.1,19.6,0.0075,,
2.047,494,232.2,19.6,0.0085,,
2.0555,495,232.5,19.6,0.0085,,
2.064,496,232.9,19.6,0.0075,,
2.0725,497,233.1,19.6,0.0075,,
2.0805,498,233.4,19.6,0.0075,,
2.0885,499,233.5,19.6,0.008,,
2.0965,500,233.7,19.6,0.008,,
2.105,501,233.9,19.6,0.0085,,
2.113,502,234.2,19.6,0.0075,,
2.119,503,234.4,19.6,0.0055,,
2.121,504,234.6,19.6,0.002,,
Scope 1/1, Sample 6/9 (20190717_24),,,,,
Result,TitrationEP1,,,,,
V,t,E,T,dV/dt,E acc. stat.,Volume acc. stat.
0,0,2.7,19.5,NaN,,
0.001,1,2,19.5,0.001,,
0.0025,2,1.9,19.5,0.0015,,
0.005,3,1.9,19.5,0.002,,
0.009,4,2,19.5,0.0035,,
0.015,5,2.4,19.5,0.0055,,
0.0235,6,3.2,19.5,0.0075,,
0.032,7,4.5,19.5,0.0075,,
0.0405,8,5.8,19.5,0.0075,,
0.049,9,6.9,19.5,0.007,,
0.0565,10,8,19.5,0.007,,
0.065,11,9.1,19.5,0.0075,,
0.0735,12,10.2,19.5,0.0075,,
0.0815,13,11.2,19.5,0.0075,,
0.09,14,12.2,19.5,0.0075,,
0.0985,15,13.1,19.5,0.007,,
0.106,16,14,19.5,0.007,,
0.1145,17,14.8,19.5,0.0075,,
0.123,18,15.6,19.5,0.0075,,
0.1315,19,16.3,19.5,0.0075,,
0.14,20,17.1,19.5,0.0075,,
0.148,21,17.7,19.5,0.0065,,
0.156,22,18.3,19.5,0.0075,,
0.164,23,19,19.5,0.0075,,
0.1725,24,19.6,19.5,0.0075,,
0.181,25,20.3,19.5,0.0075,,
0.1895,26,21,19.5,0.0075,,
0.198,27,21.5,19.5,0.0075,,
0.2055,28,22.2,19.5,0.007,,
0.214,29,22.7,19.5,0.0075,,
0.2225,30,23.4,19.5,0.0075,,
0.231,31,24,19.5,0.0075,,
0.239,32,24.7,19.5,0.0075,,
0.2475,33,25.4,19.5,0.0075,,
0.255,34,26.1,19.5,0.007,,
0.2635,35,26.7,19.5,0.0075,,
0.272,36,27.3,19.6,0.0075,,
0.2805,37,27.9,19.5,0.0075,,
0.289,38,28.7,19.5,0.0075,,
0.2975,39,29.3,19.5,0.0075,,
0.305,40,29.9,19.6,0.007,,
0.3135,41,30.5,19.6,0.0075,,
0.322,42,31.1,19.6,0.0075,,
0.33,43,31.7,19.6,0.0075,,
0.3385,44,32.4,19.6,0.007,,
0.346,45,32.8,19.6,0.007,,
0.3545,46,33.5,19.6,0.0075,,
0.363,47,34.1,19.6,0.0075,,
0.3715,48,34.7,19.6,0.0075,,
0.38,49,35.3,19.6,0.0075,,
0.3885,50,35.9,19.6,0.007,,
0.396,51,36.4,19.6,0.007,,
0.4045,52,36.9,19.6,0.0075,,
0.413,53,37.7,19.6,0.0075,,
0.421,54,38.2,19.6,0.0075,,
0.4295,55,38.8,19.6,0.0075,,
0.438,56,39.5,19.6,0.007,,
0.4455,57,39.9,19.6,0.007,,
0.454,58,40.6,19.6,0.0075,,
0.4625,59,41.2,19.6,0.0075,,
0.471,60,41.8,19.6,0.0075,,
0.4795,61,42.5,19.6,0.0075,,
0.488,62,43.1,19.6,0.0075,,
0.4955,63,43.7,19.6,0.007,,
0.504,64,44.4,19.6,0.0075,,
0.512,65,45,19.6,0.0075,,
0.5205,66,45.6,19.6,0.0075,,
0.529,67,46.3,19.6,0.007,,
0.5365,68,46.8,19.6,0.007,,
0.545,69,47.5,19.6,0.0075,,
0.5535,70,48.2,19.6,0.0075,,
0.562,71,48.9,19.6,0.0075,,
0.5705,72,49.5,19.6,0.0075,,
0.5785,73,50.2,19.6,0.0075,,
0.5865,74,50.8,19.6,0.0075,,
0.595,75,51.5,19.6,0.0075,,
0.603,76,52.1,19.6,0.0075,,
0.6115,77,52.7,19.6,0.0075,,
0.62,78,53.2,19.6,0.0075,,
0.6285,79,54,19.6,0.007,,
0.636,80,54.5,19.6,0.007,,
0.6445,81,55.1,19.6,0.0075,,
0.653,82,55.8,19.6,0.007,,
0.6615,83,56.5,19.6,0.0075,,
0.6695,84,57.3,19.6,0.0075,,
0.678,85,58.1,19.6,0.007,,
0.6855,86,58.7,19.6,0.007,,
0.694,87,59.5,19.6,0.0075,,
0.7025,88,60.1,19.6,0.0075,,
0.711,89,60.9,19.6,0.0075,,
0.7195,90,61.7,19.6,0.007,,
0.728,91,62.3,19.6,0.0075,,
0.7355,92,63.1,19.6,0.007,,
0.744,93,63.8,19.6,0.0075,,
0.7525,94,64.6,19.6,0.0075,,
0.7605,95,65.5,19.6,0.0075,,
0.769,96,66.2,19.6,0.007,,
0.7775,97,66.9,19.6,0.0075,,
0.785,98,67.7,19.6,0.007,,
0.7935,99,68.4,19.6,0.0075,,
0.802,100,69.2,19.6,0.0075,,
0.8105,101,70.1,19.6,0.0075,,
0.819,102,71,19.6,0.007,,
0.8265,103,71.7,19.6,0.007,,
0.835,104,72.5,19.6,0.0075,,
0.8435,105,73.3,19.6,0.0075,,
0.8515,106,74.2,19.6,0.0075,,
0.86,107,75.1,19.6,0.0075,,
0.8685,108,75.9,19.6,0.007,,
0.876,109,76.8,19.6,0.007,,
0.8845,110,77.8,19.6,0.0075,,
0.893,111,78.8,19.6,0.0075,,
0.9015,112,79.9,19.6,0.0075,,
0.91,113,80.9,19.6,0.0075,,
0.918,114,81.7,19.6,0.0065,,
0.926,115,82.8,19.6,0.0075,,
0.934,116,83.9,19.6,0.0075,,
0.9425,117,84.9,19.6,0.0075,,
0.951,118,85.9,19.6,0.0075,,
0.9595,119,87.1,19.6,0.0075,,
0.968,120,88.1,19.6,0.007,,
0.9755,121,89.2,19.6,0.007,,
0.984,122,90.5,19.6,0.0075,,
0.9925,123,91.7,19.6,0.0075,,
1.001,124,93.2,19.6,0.0075,,
1.009,125,94.7,19.6,0.0075,,
1.017,126,96,19.6,0.0075,,
1.025,127,97.3,19.6,0.0075,,
1.0335,128,99,19.6,0.0075,,
1.042,129,100.7,19.6,0.0075,,
1.0505,130,102.2,19.6,0.0075,,
1.059,131,103.9,19.6,0.0075,,
1.0665,132,105.6,19.6,0.007,,
1.075,133,107.2,19.6,0.0075,,
1.0835,134,109.2,19.6,0.0075,,
1.092,135,111.5,19.6,0.0075,,
1.1,136,114.1,19.6,0.0075,,
1.1085,137,116.6,19.6,0.007,,
1.116,138,118.7,19.6,0.007,,
1.1245,139,121.3,19.6,0.0075,,
1.133,140,124,19.6,0.0075,,
1.1415,141,126.9,19.6,0.0075,,
1.15,142,130.3,19.6,0.0075,,
1.1585,143,133.5,19.6,0.0075,,
1.166,144,136.7,19.6,0.007,,
1.1745,145,140.3,19.6,0.0075,,
1.1825,146,143.8,19.6,0.0075,,
1.191,147,147.3,19.6,0.0075,,
1.1995,148,151.1,19.6,0.0075,,
1.208,149,154.5,19.6,0.007,,
1.2155,150,157.5,19.6,0.007,,
1.224,151,160.9,19.6,0.0075,,
1.2325,152,163.9,19.6,0.0075,,
1.241,153,166.6,19.6,0.0075,,
1.2495,154,169.3,19.7,0.0075,,
1.2575,155,171.8,19.7,0.0065,,
1.2655,156,173.8,19.6,0.0075,,
1.2735,157,176.2,19.7,0.0075,,
1.282,158,178.3,19.7,0.0075,,
1.2905,159,180.1,19.7,0.0075,,
1.299,160,181.9,19.7,0.0075,,
1.3075,161,183.5,19.7,0.0075,,
1.316,162,185.1,19.7,0.007,,
1.316,402,189.5,19.8,0,,
1.3165,403,189.4,19.8,0.0005,,
1.318,404,189.4,19.8,0.001,,
1.3205,405,189.6,19.8,0.002,,
1.3245,406,189.9,19.8,0.003,,
1.331,407,190.5,19.8,0.0045,,
1.3395,408,191.4,19.8,0.006,,
1.347,409,192.4,19.8,0.006,,
1.3555,410,193.6,19.8,0.0065,,
1.364,411,194.7,19.8,0.0065,,
1.372,412,195.7,19.8,0.0055,,
1.3805,413,196.8,19.8,0.006,,
1.389,414,197.7,19.8,0.006,,
1.3965,415,198.5,19.8,0.006,,
1.405,416,199.4,19.8,0.0065,,
1.4135,417,200.3,19.8,0.006,,
1.422,418,201.2,19.8,0.006,,
1.4305,419,202,19.8,0.006,,
1.439,420,202.8,19.8,0.0065,,
1.4465,421,203.5,19.8,0.006,,
1.455,422,204.3,19.8,0.0065,,
1.4635,423,205.1,19.8,0.006,,
1.4715,424,205.7,19.8,0.0055,,
1.48,425,206.4,19.8,0.006,,
1.4875,426,207,19.8,0.006,,
1.496,427,207.7,19.8,0.0065,,
1.5045,428,208.4,19.8,0.0065,,
1.513,429,209,19.8,0.006,,
1.5215,430,209.6,19.8,0.006,,
1.53,431,210.3,19.8,0.006,,
1.538,432,210.7,19.8,0.006,,
1.546,433,211.4,19.8,0.006,,
1.554,434,211.9,19.8,0.006,,
1.5625,435,212.5,19.8,0.006,,
1.571,436,213,19.8,0.006,,
1.5795,437,213.5,19.8,0.006,,
1.587,438,214,19.8,0.006,,
1.5955,439,214.4,19.8,0.0065,,
1.604,440,214.9,19.8,0.006,,
1.6125,441,215.4,19.8,0.006,,
1.621,442,215.9,19.8,0.006,,
1.629,443,216.4,19.8,0.0055,,
1.637,444,216.9,19.8,0.006,,
1.645,445,217.3,19.8,0.006,,
1.6535,446,217.8,19.8,0.0065,,
1.662,447,218.2,19.8,0.006,,
1.6705,448,218.6,19.8,0.006,,
1.679,449,219.1,19.8,0.006,,
1.6865,450,219.4,19.8,0.006,,
1.695,451,219.9,19.8,0.0065,,
1.7035,452,220.3,19.8,0.006,,
1.7115,453,220.7,19.8,0.0055,,
1.72,454,221.1,19.8,0.006,,
1.7285,455,221.4,19.8,0.006,,
1.736,456,221.7,19.8,0.006,,
1.7445,457,222.2,19.8,0.0065,,
1.753,458,222.4,19.8,0.0065,,
1.7615,459,222.9,19.8,0.006,,
1.77,460,223.3,19.8,0.006,,
1.7785,461,223.6,19.8,0.0065,,
1.786,462,223.9,19.8,0.006,,
1.7945,463,224.3,19.8,0.0065,,
1.8025,464,224.6,19.8,0.0055,,
1.811,465,224.9,19.8,0.006,,
1.8195,466,225.3,19.8,0.006,,
1.828,467,225.6,19.8,0.006,,
1.8355,468,225.9,19.8,0.006,,
1.844,469,226.2,19.8,0.0065,,
1.8525,470,226.6,19.8,0.0065,,
1.861,471,226.9,19.8,0.006,,
1.869,472,227.2,19.8,0.0055,,
1.8775,473,227.5,19.8,0.006,,
1.885,474,227.7,19.8,0.006,,
1.8935,475,228,19.8,0.0065,,
1.902,476,228.4,19.8,0.006,,
1.9105,477,228.7,19.8,0.006,,
1.919,478,228.9,19.8,0.006,,
1.9275,479,229.2,19.8,0.0065,,
1.935,480,229.4,19.8,0.006,,
1.9435,481,229.8,19.8,0.0065,,
1.9515,482,230,19.8,0.0055,,
1.96,483,230.3,19.8,0.006,,
1.9685,484,230.5,19.8,0.006,,
1.976,485,230.8,19.8,0.006,,
1.9845,486,231.1,19.8,0.0065,,
1.993,487,231.4,19.8,0.0065,,
2.0015,488,231.6,19.9,0.006,,
2.01,489,231.8,19.8,0.006,,
2.0185,490,232.1,19.8,0.006,,
2.026,491,232.4,19.9,0.006,,
2.0345,492,232.5,19.9,0.0065,,
2.0425,493,232.8,19.9,0.006,,
2.051,494,233,19.9,0.006,,
2.0595,495,233.2,19.9,0.006,,
2.068,496,233.6,19.9,0.006,,
2.0755,497,233.7,19.9,0.006,,
2.084,498,234,19.9,0.006,,
2.0915,499,234.2,19.9,0.0055,,
2.095,500,234.4,19.9,0.0025,,
Scope 1/1, Sample 7/9 (20190717_31),,,,,
Result,TitrationEP1,,,,,
V,t,E,T,dV/dt,E acc. stat.,Volume acc. stat.
0,0,-37,19.7,NaN,,
0.0005,1,-37.7,19.7,0.0005,,
0.0025,2,-37.8,19.7,0.002,,
0.005,3,-37.9,19.7,0.0025,,
0.0085,4,-37.8,19.7,0.003,,
0.015,5,-37.6,19.7,0.006,,
0.023,6,-37.2,19.7,0.0075,,
0.0305,7,-36.4,19.7,0.0075,,
0.039,8,-35.3,19.7,0.0085,,
0.0475,9,-34,19.7,0.0085,,
0.056,10,-32.5,19.7,0.0075,,
0.0645,11,-30.8,19.7,0.0075,,
0.073,12,-29.1,19.7,0.0075,,
0.0805,13,-27.2,19.7,0.0075,,
0.089,14,-25.1,19.7,0.0085,,
0.097,15,-23,19.7,0.0075,,
0.1055,16,-20.7,19.7,0.0075,,
0.114,17,-18.3,19.7,0.0075,,
0.1225,18,-16,19.7,0.0075,,
0.13,19,-14,19.7,0.0075,,
0.1385,20,-11.9,19.7,0.0085,,
0.147,21,-10,19.7,0.0075,,
0.1555,22,-8.4,19.7,0.0075,,
0.164,23,-6.7,19.7,0.0075,,
0.172,24,-5.3,19.7,0.0075,,
0.18,25,-4.1,19.7,0.008,,
0.188,26,-2.7,19.7,0.008,,
0.1965,27,-0.9,19.7,0.0075,,
0.205,28,-0.2,19.7,0.0075,,
0.2135,29,0.7,19.7,0.0075,,
0.222,30,1.7,19.7,0.0085,,
0.2295,31,2.7,19.7,0.0075,,
0.238,32,3.7,19.7,0.0085,,
0.2465,33,4.7,19.7,0.0075,,
0.2545,34,5.6,19.7,0.0075,,
0.263,35,6.5,19.7,0.0075,,
0.2715,36,7.2,19.7,0.0085,,
0.279,37,8.1,19.7,0.0075,,
0.2875,38,9,19.7,0.0085,,
0.296,39,9.9,19.7,0.0075,,
0.3045,40,10.9,19.7,0.0075,,
0.313,41,11.7,19.7,0.0075,,
0.3215,42,12.5,19.7,0.0085,,
0.329,43,13.4,19.7,0.0075,,
0.3375,44,14.1,19.7,0.0085,,
0.3455,45,15,19.7,0.0075,,
0.354,46,15.9,19.7,0.0075,,
0.3625,47,16.6,19.7,0.0075,,
0.371,48,17.4,19.7,0.0085,,
0.3785,49,18.2,19.7,0.0075,,
0.387,50,18.9,19.7,0.0085,,
0.3955,51,19.7,19.7,0.0075,,
0.404,52,20.5,19.7,0.0075,,
0.412,53,21.4,19.7,0.0075,,
0.42,54,22,19.7,0.008,,
0.428,55,22.8,19.7,0.008,,
0.4365,56,23.6,19.7,0.0075,,
0.445,57,24.5,19.7,0.0075,,
0.4535,58,25.2,19.7,0.0075,,
0.462,59,26,19.7,0.0075,,
0.4695,60,26.7,19.7,0.0075,,
0.478,61,27.5,19.7,0.0085,,
0.4865,62,28.5,19.7,0.0085,,
0.495,63,29.3,19.8,0.0075,,
0.503,64,30,19.8,0.0075,,
0.5115,65,30.7,19.8,0.0075,,
0.519,66,31.4,19.8,0.0075,,
0.5275,67,32.2,19.8,0.0085,,
0.536,68,32.9,19.8,0.0075,,
0.5445,69,33.7,19.8,0.0075,,
0.553,70,34.5,19.8,0.0075,,
0.5615,71,35.3,19.8,0.0075,,
0.569,72,36,19.8,0.0075,,
0.5775,73,36.8,19.8,0.0085,,
0.586,74,37.6,19.8,0.0075,,
0.594,75,38.5,19.8,0.0075,,
0.6025,76,39.4,19.8,0.0075,,
0.611,77,40.1,19.8,0.0085,,
0.6185,78,40.8,19.8,0.0075,,
0.627,79,41.6,19.8,0.0085,,
0.6355,80,42.5,19.8,0.0075,,
0.644,81,43.3,19.8,0.0075,,
0.6525,82,44.1,19.8,0.0075,,
0.6605,83,44.8,19.8,0.008,,
0.6685,84,45.6,19.8,0.008,,
0.6765,85,46.5,19.8,0.008,,
0.685,86,47.2,19.8,0.0075,,
0.6935,87,48,19.8,0.0075,,
0.702,88,48.7,19.8,0.0075,,
0.7105,89,49.4,19.8,0.0085,,
0.718,90,50.2,19.8,0.0075,,
0.7265,91,51,19.8,0.0075,,
0.735,92,51.9,19.8,0.0075,,
0.7435,93,52.8,19.8,0.0075,,
0.7515,94,53.8,19.8,0.0075,,
0.76,95,54.7,19.8,0.0085,,
0.7675,96,55.5,19.8,0.0075,,
0.776,97,56.4,19.8,0.0085,,
0.7845,98,57.3,19.8,0.0075,,
0.793,99,58.1,19.8,0.0075,,
0.8015,100,59,19.8,0.0075,,
0.81,101,59.8,19.8,0.0085,,
0.8175,102,60.8,19.8,0.0075,,
0.826,103,61.8,19.8,0.0085,,
0.834,104,62.8,19.8,0.0075,,
0.8425,105,63.5,19.8,0.0075,,
0.851,106,64.4,19.8,0.0075,,
0.8585,107,65.3,19.8,0.0075,,
0.867,108,66.2,19.8,0.0085,,
0.8755,109,67.1,19.8,0.0085,,
0.884,110,68.1,19.8,0.0075,,
0.8925,111,69.1,19.8,0.0075,,
0.901,112,70,19.8,0.0075,,
0.9085,113,71,19.8,0.0075,,
0.917,114,72.2,19.8,0.0085,,
0.925,115,73.3,19.8,0.0075,,
0.9335,116,74.5,19.8,0.0075,,
0.942,117,75.6,19.8,0.0075,,
0.9505,118,76.6,19.8,0.0085,,
0.958,119,77.7,19.8,0.0075,,
0.9665,120,78.8,19.8,0.0085,,
0.975,121,80.1,19.8,0.0075,,
0.9835,122,81.4,19.8,0.0075,,
0.992,123,82.6,19.8,0.0075,,
1,124,83.8,19.8,0.008,,
1.008,125,85.2,19.8,0.008,,
1.016,126,86.8,19.8,0.008,,
1.0245,127,88.4,19.8,0.0075,,
1.033,128,89.7,19.8,0.0075,,
1.0415,129,91.2,19.8,0.0075,,
1.05,130,92.8,19.8,0.0085,,
1.0575,131,94.3,19.8,0.0075,,
1.066,132,95.8,19.8,0.0075,,
1.0745,133,97.5,19.8,0.0075,,
1.0825,134,99.4,19.8,0.0075,,
1.091,135,101.3,19.8,0.0075,,
1.0985,136,103.3,19.8,0.0075,,
1.107,137,105.6,19.8,0.0075,,
1.1155,138,107.9,19.8,0.0075,,
1.124,139,110.2,19.8,0.0075,,
1.1325,140,112.8,19.8,0.0075,,
1.141,141,115.2,19.8,0.0075,,
1.1485,142,117.9,19.8,0.0075,,
1.157,143,121.2,19.8,0.0085,,
1.1655,144,124.4,19.8,0.0075,,
1.1735,145,127.8,19.8,0.0075,,
1.182,146,131,19.8,0.0075,,
1.1905,147,135.1,19.8,0.0075,,
1.199,148,138.2,19.8,0.0085,,
1.2065,149,141.8,19.8,0.0075,,
1.215,150,145.5,19.8,0.0085,,
1.2235,151,149.1,19.8,0.0075,,
1.232,152,152.9,19.8,0.0075,,
1.24,153,156.8,19.8,0.0075,,
1.2485,154,159.9,19.8,0.0085,,
1.256,155,163.3,19.8,0.0075,,
1.2645,156,166.1,19.8,0.0085,,
1.273,157,169,19.8,0.0075,,
1.2815,158,171.5,19.8,0.0075,,
1.29,159,173.9,19.8,0.0075,,
1.2975,160,175.7,19.8,0.0075,,
1.306,161,177.9,19.8,0.0085,,
1.3145,162,179.8,19.8,0.0085,,
1.3225,163,181.8,19.8,0.0075,,
1.331,164,183.5,19.8,0.0075,,
1.3415,165,185.1,19.8,0.0075,,
1.3415,406,190,20,0,,
1.342,406,190,20,0.001,,
1.3435,408,190,20,0.001,,
1.346,409,190.1,20,0.004,,
1.35,410,190.5,20,0.0065,,
1.356,411,191.1,20,0.01,,
1.3645,412,191.8,20,0.017,,
1.372,412,192.7,20,0.015,,
1.3805,414,194,20,0.0055,,
1.389,415,194.9,20,0.014,,
1.3975,416,195.8,20,0.014,,
1.406,417,196.8,20,0.014,,
1.4135,418,197.6,20,0.015,,
1.422,418,198.6,20,0.017,,
1.43,420,199.7,20,0.0055,,
1.4385,421,200.5,20,0.014,,
1.447,422,201.4,20,0.014,,
1.4555,423,202.2,20,0.014,,
1.463,424,202.8,20,0.015,,
1.4715,425,203.6,20,0.014,,
1.48,426,204.3,20,0.017,,
1.4885,427,205,20,0.014,,
1.497,428,205.8,20,0.014,,
1.505,429,206.4,20,0.0135,,
1.5125,430,207.1,20,0.015,,
1.521,430,207.7,20,0.017,,
1.5295,432,208.5,20,0.0055,,
1.538,433,209,20,0.014,,
1.5465,434,209.6,20,0.014,,
1.555,435,210.3,20,0.014,,
1.5625,436,210.8,20,0.015,,
1.571,436,211.4,20,0.017,,
1.579,438,211.9,20,0.0055,,
1.5875,439,212.4,20,0.014,,
1.596,440,213,20,0.014,,
1.6045,441,213.4,20,0.014,,
1.612,442,213.9,20,0.015,,
1.6205,442,214.5,20,0.017,,
1.629,444,215,20,0.0055,,
1.6375,445,215.5,20,0.014,,
1.6455,446,215.9,20,0.0135,,
1.654,447,216.5,20,0.014,,
1.6615,448,216.9,20,0.015,,
1.67,448,217.3,20,0.017,,
1.6785,450,217.7,20,0.0055,,
1.687,451,218.1,20,0.014,,
1.6955,452,218.6,20,0.014,,
1.704,453,219,20,0.014,,
1.7115,454,219.3,20,0.015,,
1.72,454,219.8,20,0.017,,
1.7285,456,220.2,20,0.0055,,
1.7365,457,220.6,20,0.0135,,
1.745,458,220.9,20,0.014,,
1.7535,459,221.3,20,0.014,,
1.761,460,221.7,20,0.015,,
1.7695,460,222.1,20,0.017,,
1.778,462,222.5,20,0.0055,,
1.7865,463,222.8,20,0.014,,
1.795,464,223.2,20,0.014,,
1.8035,464,223.5,20,0.017,,
1.811,466,223.9,20,0.005,,
1.819,466,224.1,20,0.016,,
1.8275,468,224.6,20,0.0055,,
1.836,469,224.8,20,0.014,,
1.8445,470,225.3,20,0.014,,
1.853,470,225.4,20,0.017,,
1.8605,472,225.9,20,0.005,,
1.869,472,226.1,20,0.017,,
1.8775,474,226.5,20,0.0055,,
1.886,475,226.8,20,0.014,,
1.894,476,227.1,20,0.0135,,
1.9025,476,227.4,20,0.017,,
1.91,478,227.7,20,0.005,,
1.9185,478,227.9,20,0.017,,
1.927,480,228.3,20,0.0055,,
1.9355,481,228.5,20,0.014,,
1.944,482,228.9,20,0.014,,
1.9525,483,229.1,20,0.014,,
1.96,484,229.3,20,0.015,,
1.9685,484,229.7,20,0.017,,
1.9765,486,229.9,20,0.005,,
1.985,487,230.1,20,0.014,,
1.9935,488,230.4,20,0.014,,
2.002,488,230.6,20,0.017,,
2.0095,490,230.9,20,0.005,,
2.018,490,231.1,20,0.017,,
2.0265,492,231.4,20,0.0055,,
2.035,493,231.7,20,0.014,,
2.043,494,231.9,20,0.0135,,
2.0515,494,232.2,20,0.017,,
2.0595,496,232.3,20,0.0055,,
2.0675,496,232.6,20,0.016,,
2.076,498,232.8,20,0.0055,,
2.0845,499,233.1,20,0.014,,
2.093,500,233.4,20,0.014,,
2.1005,500,233.6,20,0.015,,
2.109,502,233.8,20,0.0055,,
2.117,502,234,20,0.016,,
2.124,504,234.3,20,0.0045,,
2.1285,505,234.4,20,0.0075,,
2.132,506,234.5,20,0.006,,
2.1325,506,234.6,20,0.001,,
2.133,508,234.6,20,0.0005,,
2.1345,508,234.8,20,0.003,,
2.1365,510,234.7,20,0.001,,
2.1395,511,234.8,20,0.005,,
Scope 1/1, Sample 8/9 (20190717_34),,,,,
Result,TitrationEP1,,,,,
V,t,E,T,dV/dt,E acc. stat.,Volume acc. stat.
0,0,-37.4,19.9,NaN,,
0.001,1,-38.1,19.9,0.001,,
0.0025,2,-38.2,19.9,0.0015,,
0.005,3,-38.3,19.9,0.0025,,
0.009,4,-38.3,19.9,0.0035,,
0.015,5,-38,19.9,0.0055,,
0.0235,6,-37.5,19.9,0.0075,,
0.032,7,-36.7,19.9,0.0075,,
0.0395,8,-35.5,19.9,0.0075,,
0.048,9,-34.4,19.9,0.0075,,
0.0565,10,-32.8,19.9,0.0075,,
0.065,11,-31.1,19.9,0.0075,,
0.0735,12,-29.3,19.9,0.0075,,
0.082,13,-27.6,19.9,0.0085,,
0.0895,14,-25.4,19.9,0.0075,,
0.098,15,-23.1,19.9,0.0075,,
0.106,16,-20.8,19.9,0.0075,,
0.1145,17,-18.4,19.9,0.0075,,
0.123,18,-15.9,19.9,0.0075,,
0.1305,19,-14,19.9,0.0075,,
0.139,20,-11.9,19.9,0.0085,,
0.1475,21,-10.2,19.9,0.0075,,
0.156,22,-8.6,19.9,0.0075,,
0.1645,23,-7,19.9,0.0075,,
0.1725,24,-5.6,19.9,0.0075,,
0.181,25,-4.3,19.9,0.0085,,
0.1885,26,-2.9,19.9,0.0075,,
0.197,27,-1.1,19.9,0.0075,,
0.2055,28,0,19.9,0.0075,,
0.214,29,0.5,19.9,0.0075,,
0.2225,30,1.8,19.9,0.0075,,
0.23,31,2.6,19.9,0.0075,,
0.2385,32,3.6,19.9,0.0085,,
0.247,33,4.6,19.9,0.0075,,
0.2555,34,5.5,19.9,0.0075,,
0.2635,35,6.3,19.9,0.0075,,
0.272,36,7.2,19.9,0.0075,,
0.2795,37,8,19.9,0.0075,,
0.288,38,9,19.9,0.0075,,
0.2965,39,9.9,19.9,0.0075,,
0.305,40,10.9,19.9,0.0075,,
0.3135,41,11.6,19.9,0.0075,,
0.322,42,12.5,19.9,0.0085,,
0.3295,43,13.3,19.9,0.0075,,
0.338,44,14.2,19.9,0.0075,,
0.3465,45,15,19.9,0.0075,,
0.355,46,15.8,19.9,0.0075,,
0.363,47,16.6,19.9,0.0075,,
0.371,48,17.4,19.9,0.008,,
0.379,49,18.3,19.9,0.008,,
0.3875,50,19,19.9,0.0075,,
0.396,51,19.9,19.9,0.0075,,
0.4045,52,20.7,19.9,0.0075,,
0.413,53,21.5,19.9,0.0075,,
0.4205,54,22.3,19.9,0.0075,,
0.429,55,23,19.9,0.0075,,
0.4375,56,23.8,19.9,0.0075,,
0.4455,57,24.6,19.9,0.0075,,
0.454,58,25.4,19.9,0.0075,,
0.4625,59,26.2,19.9,0.0075,,
0.47,60,26.8,19.9,0.0075,,
0.4785,61,27.6,19.9,0.0075,,
0.487,62,28.3,19.9,0.0075,,
0.4955,63,29.2,19.9,0.0075,,
0.504,64,29.9,19.9,0.0075,,
0.5125,65,30.6,19.9,0.0085,,
0.52,66,31.4,19.9,0.0075,,
0.5285,67,32.2,19.9,0.0075,,
0.5365,68,33,20,0.0075,,
0.545,69,33.8,20,0.0075,,
0.5535,70,34.5,20,0.0075,,
0.562,71,35.3,20,0.0085,,
0.5695,72,36,20,0.0075,,
0.578,73,36.8,20,0.0075,,
0.5865,74,37.6,20,0.0075,,
0.595,75,38.4,20,0.0075,,
0.6035,76,39.3,20,0.0075,,
0.611,77,40,20,0.0075,,
0.6195,78,40.8,20,0.0085,,
0.6275,79,41.6,20,0.0075,,
0.636,80,42.4,20,0.0075,,
0.6445,81,43.2,20,0.0075,,
0.653,82,44.1,20,0.0075,,
0.6605,83,44.8,20,0.0075,,
0.669,84,45.7,20,0.0085,,
0.6775,85,46.5,20,0.0075,,
0.686,86,47.3,20,0.0075,,
0.694,87,48.2,20,0.0075,,
0.7025,88,49,20,0.0075,,
0.71,89,49.8,20,0.0075,,
0.7185,90,50.7,20,0.0085,,
0.727,91,51.5,20,0.0075,,
0.7355,92,52.3,20,0.0075,,
0.744,93,53.2,20,0.0075,,
0.7525,94,54.1,20,0.0075,,
0.7605,95,54.9,20,0.008,,
0.7685,96,55.7,20,0.008,,
0.777,97,56.6,20,0.0075,,
0.785,98,57.5,20,0.0075,,
0.7935,99,58.4,20,0.0075,,
0.802,100,59.3,20,0.0075,,
0.8095,101,60.2,20,0.0075,,
0.818,102,61.1,20,0.0085,,
0.8265,103,62,20,0.0075,,
0.835,104,62.8,20,0.0075,,
0.8435,105,63.8,20,0.0075,,
0.8515,106,64.7,20,0.0075,,
0.8595,107,65.7,20,0.008,,
0.868,108,66.7,20,0.0075,,
0.876,109,67.7,20,0.0075,,
0.8845,110,68.6,20,0.0075,,
0.893,111,69.9,20,0.0075,,
0.9015,112,70.9,20,0.0085,,
0.909,113,71.9,20,0.0075,,
0.9175,114,72.8,20,0.0075,,
0.926,115,74,20,0.0075,,
0.9345,116,75.1,20,0.0075,,
0.9425,117,76.3,20,0.0075,,
0.951,118,77.2,20,0.0085,,
0.9585,119,78.3,20,0.0075,,
0.967,120,79.7,20,0.0075,,
0.9755,121,80.8,20,0.0075,,
0.984,122,82.1,20,0.0075,,
0.9925,123,83.4,20,0.0075,,
1,124,84.6,20,0.0075,,
1.0085,125,86.2,20,0.0085,,
1.017,126,87.6,20,0.0075,,
1.025,127,89.1,20,0.0075,,
1.0335,128,90.6,20,0.0075,,
1.042,129,92.2,20,0.0075,,
1.0495,130,93.7,20,0.0075,,
1.058,131,95.3,20,0.0085,,
1.0665,132,97.1,20,0.0075,,
1.075,133,98.9,20,0.0075,,
1.0835,134,100.8,20,0.0075,,
1.092,135,102.8,20,0.0075,,
1.0995,136,104.8,20,0.0075,,
1.108,137,107.3,20,0.0075,,
1.116,138,109.6,20,0.0075,,
1.1245,139,112.1,20,0.0075,,
1.133,140,114.8,20,0.0075,,
1.1415,141,117.6,20,0.0075,,
1.149,142,120.3,20,0.0075,,
1.1575,143,123.4,20,0.0085,,
1.166,144,126.8,20,0.0075,,
1.1745,145,130.2,20,0.0075,,
1.1825,146,133.8,20,0.0075,,
1.191,147,137.5,20,0.0075,,
1.1985,148,140.9,20,0.0075,,
1.207,149,145,20,0.0075,,
1.2155,150,148.8,20,0.0075,,
1.224,151,152.6,20,0.0075,,
1.2325,152,156.5,20,0.0075,,
1.241,153,159.9,20,0.0075,,
1.2485,154,162.6,20,0.0075,,
1.257,155,165.7,20,0.0075,,
1.2655,156,168.8,20,0.0075,,
1.2735,157,171.4,20,0.0075,,
1.282,158,173.7,20,0.0075,,
1.2905,159,175.6,20,0.0085,,
1.298,160,177.6,20,0.007,,
1.3065,161,179.7,20,0.0075,,
1.315,162,181.6,20,0.0075,,
1.3235,163,183.3,20,0.0075,,
1.334,164,185.1,20,0.0075,,
1.334,404,189.8,20.2,0,,
1.3345,406,189.9,20.2,0.0005,,
1.336,406,189.8,20.2,0.003,,
1.3385,408,190,20.2,0.0015,,
1.3425,409,190.3,20.2,0.0065,,
1.349,410,190.9,20.2,0.011,,
1.357,411,191.8,20.2,0.0135,,
1.365,412,192.7,20.2,0.016,,
1.373,412,193.9,20.2,0.016,,
1.3815,414,195,20.2,0.0055,,
1.39,415,195.9,20.2,0.014,,
1.3985,416,196.9,20.2,0.014,,
1.407,417,197.8,20.2,0.014,,
1.4145,418,198.6,20.2,0.015,,
1.423,418,199.6,20.2,0.017,,
1.4315,420,200.6,20.2,0.0055,,
1.4395,421,201.3,20.2,0.0135,,
1.448,422,202.2,20.2,0.014,,
1.4565,422,202.8,20.2,0.017,,
1.464,424,203.7,20.2,0.005,,
1.4725,424,204.4,20.2,0.017,,
1.481,426,205.2,20.2,0.0055,,
1.4895,427,206,20.2,0.014,,
1.498,428,206.6,20.2,0.014,,
1.5055,428,207.2,20.2,0.015,,
1.514,430,207.8,20.2,0.0055,,
1.5225,430,208.5,20.2,0.017,,
1.531,432,209.2,20.2,0.0055,,
1.539,433,209.7,20.2,0.0135,,
1.5475,434,210.3,20.2,0.014,,
1.555,434,210.8,20.2,0.015,,
1.5635,436,211.5,20.2,0.0055,,
1.572,436,212,20.2,0.017,,
1.5805,438,212.5,20.2,0.0055,,
1.589,439,213.1,20.2,0.014,,
1.5975,440,213.6,20.2,0.014,,
1.605,440,214.1,20.2,0.015,,
1.6135,442,214.6,20.2,0.0055,,
1.6215,442,215.1,20.2,0.016,,
1.63,444,215.6,20.2,0.0055,,
1.6385,445,216.1,20.2,0.014,,
1.647,446,216.6,20.2,0.014,,
1.6545,446,217,20.2,0.015,,
1.663,448,217.4,20.2,0.0055,,
1.6715,448,217.8,20.2,0.017,,
1.68,450,218.3,20.2,0.0055,,
1.688,451,218.7,20.2,0.0135,,
1.6965,452,219.1,20.2,0.014,,
1.704,452,219.5,20.2,0.015,,
1.7125,454,219.9,20.2,0.0055,,
1.721,454,220.3,20.2,0.017,,
1.7295,456,220.7,20.2,0.0055,,
1.738,457,221.2,20.2,0.014,,
1.7465,458,221.5,20.2,0.014,,
1.754,458,221.9,20.2,0.015,,
1.7625,460,222.2,20.2,0.0055,,
1.7705,460,222.6,20.2,0.016,,
1.779,462,223,20.2,0.0055,,
1.7875,463,223.3,20.2,0.014,,
1.796,464,223.7,20.2,0.014,,
1.8035,464,223.9,20.2,0.015,,
1.812,466,224.3,20.2,0.0055,,
1.8205,466,224.6,20.2,0.017,,
1.829,468,225,20.2,0.0055,,
1.8375,469,225.3,20.2,0.014,,
1.8455,470,225.6,20.2,0.0135,,
1.8535,470,225.9,20.2,0.016,,
1.8615,472,226.2,20.2,0.0055,,
1.87,472,226.6,20.2,0.017,,
1.8785,474,226.8,20.2,0.0055,,
1.887,475,227.2,20.2,0.014,,
1.8955,476,227.5,20.2,0.014,,
1.903,476,227.7,20.2,0.015,,
1.9115,478,228,20.2,0.0055,,
1.92,478,228.4,20.2,0.017,,
1.928,480,228.6,20.2,0.005,,
1.9365,481,228.9,20.2,0.014,,
1.945,482,229.2,20.2,0.014,,
1.9525,482,229.5,20.2,0.015,,
1.961,484,229.7,20.2,0.0055,,
1.9695,484,230.1,20.2,0.017,,
1.978,486,230.3,20.2,0.0055,,
1.9865,487,230.5,20.2,0.014,,
1.9945,488,230.8,20.2,0.0135,,
2.0025,488,231.1,20.2,0.016,,
2.0105,490,231.4,20.2,0.0055,,
2.019,491,231.6,20.2,0.014,,
2.0275,492,231.8,20.2,0.014,,
2.036,493,232,20.2,0.014,,
2.0445,494,232.3,20.2,0.014,,
2.052,494,232.5,20.2,0.015,,
2.0605,496,232.8,20.2,0.0055,,
2.069,497,233.1,20.2,0.014,,
2.0775,498,233.3,20.2,0.014,,
2.0855,499,233.5,20.2,0.0135,,
2.094,500,233.7,20.2,0.017,,
2.1015,500,234,20.2,0.015,,
2.1085,502,234.2,20.2,0.0045,,
2.114,503,234.4,20.2,0.009,,
2.1185,504,234.6,20.2,0.0075,,
2.121,505,234.7,20.2,0.004,,
2.1225,506,234.7,20.2,0.003,,
Scope 1/1, Sample 9/9 (20190717_36),,,,,
Result,TitrationEP1,,,,,
V,t,E,T,dV/dt,E acc. stat.,Volume acc. stat.
0,0,-38.1,20.1,NaN,,
0.001,1,-38.8,20.1,0.001,,
0.0025,2,-39,20.1,0.0015,,
0.005,3,-38.9,20.1,0.0025,,
0.0085,4,-39,20.1,0.003,,
0.015,5,-38.7,20.1,0.006,,
0.023,6,-38.2,20.1,0.0075,,
0.0315,7,-37.3,20.1,0.0075,,
0.04,8,-36.3,20.1,0.0075,,
0.0475,9,-35.1,20.1,0.007,,
0.056,10,-33.7,20.1,0.0075,,
0.0645,11,-32.2,20.1,0.0075,,
0.073,12,-30.5,20.1,0.0075,,
0.081,13,-28.6,20.1,0.0075,,
0.0895,14,-26.5,20.1,0.007,,
0.097,15,-24.5,20.1,0.007,,
0.1055,16,-22.2,20.1,0.0075,,
0.114,17,-19.8,20.1,0.0075,,
0.1225,18,-17.5,20.1,0.0075,,
0.131,19,-15.2,20.1,0.0075,,
0.1395,20,-13.1,20.1,0.0075,,
0.147,21,-11.4,20.1,0.0075,,
0.1555,22,-9.7,20.1,0.0075,,
0.1635,23,-8.1,20.1,0.0075,,
0.172,24,-6.5,20.1,0.0075,,
0.1805,25,-5.2,20.1,0.0075,,
0.188,26,-3.9,20.1,0.0075,,
0.1965,27,-2.4,20.1,0.0075,,
0.205,28,-0.7,20.1,0.0075,,
0.2135,29,-0.1,20.1,0.0075,,
0.222,30,0.7,20.1,0.0075,,
0.2305,31,1.8,20.1,0.0075,,
0.2385,32,2.8,20.1,0.008,,
0.2465,33,3.8,20.1,0.0075,,
0.2545,34,4.7,20.1,0.0075,,
0.263,35,5.7,20.1,0.0075,,
0.2715,36,6.6,20.1,0.0075,,
0.28,37,7.4,20.1,0.0075,,
0.2875,38,8.2,20.1,0.0075,,
0.296,39,9.2,20.1,0.0075,,
0.3045,40,10.1,20.1,0.0075,,
0.313,41,11,20.1,0.0075,,
0.3215,42,12,20.1,0.0075,,
0.3295,43,12.8,20.1,0.0075,,
0.3375,44,13.7,20.1,0.008,,
0.3455,45,14.6,20.1,0.0075,,
0.354,46,15.5,20.1,0.0075,,
0.3625,47,16.2,20.1,0.0075,,
0.371,48,17,20.1,0.0075,,
0.3795,49,17.7,20.1,0.0085,,
0.387,50,18.6,20.1,0.007,,
0.3955,51,19.4,20.1,0.0075,,
0.404,52,20.1,20.1,0.0075,,
0.4125,53,20.9,20.1,0.0075,,
0.4205,54,21.7,20.1,0.0075,,
0.429,55,22.5,20.1,0.0085,,
0.4365,56,23.3,20.1,0.007,,
0.445,57,24.2,20.1,0.0075,,
0.4535,58,24.9,20.1,0.0075,,
0.462,59,25.7,20.1,0.0075,,
0.4705,60,26.5,20.1,0.0075,,
0.478,61,27.1,20.1,0.0075,,
0.4865,62,27.9,20.1,0.0075,,
0.495,63,28.7,20.1,0.0075,,
0.5035,64,29.5,20.1,0.0075,,
0.512,65,30.3,20.1,0.0075,,
0.52,66,31.1,20.1,0.0075,,
0.5275,67,31.8,20.1,0.0075,,
0.536,68,32.6,20.1,0.0075,,
0.5445,69,33.4,20.1,0.0075,,
0.553,70,34.2,20.1,0.0075,,
0.5615,71,34.9,20.1,0.0075,,
0.57,72,35.8,20.1,0.0075,,
0.5775,73,36.5,20.1,0.007,,
0.586,74,37.3,20.1,0.0075,,
0.5945,75,38.2,20.1,0.0075,,
0.6025,76,39,20.1,0.0075,,
0.611,77,39.7,20.1,0.0075,,
0.6195,78,40.6,20.1,0.0075,,
0.627,79,41.2,20.1,0.007,,
0.6355,80,42.1,20.1,0.0075,,
0.644,81,43,20.1,0.0075,,
0.6525,82,43.7,20.1,0.0075,,
0.661,83,44.5,20.1,0.0075,,
0.669,84,45.3,20.1,0.008,,
0.677,85,46,20.1,0.0075,,
0.685,86,46.9,20.1,0.0075,,
0.6935,87,47.7,20.1,0.0075,,
0.702,88,48.5,20.2,0.0075,,
0.7105,89,49.4,20.1,0.0075,,
0.719,90,50.3,20.1,0.0075,,
0.7265,91,51.1,20.1,0.007,,
0.735,92,52,20.2,0.0075,,
0.7435,93,52.8,20.2,0.0075,,
0.7515,94,53.5,20.1,0.0075,,
0.76,95,54.4,20.2,0.0075,,
0.7685,96,55.3,20.2,0.0085,,
0.776,97,56.2,20.2,0.007,,
0.7845,98,57.1,20.2,0.0075,,
0.793,99,58,20.2,0.0075,,
0.8015,100,58.7,20.2,0.0075,,
0.81,101,59.6,20.2,0.0075,,
0.8185,102,60.4,20.2,0.0085,,
0.826,103,61.3,20.2,0.007,,
0.8345,104,62.4,20.2,0.0075,,
0.8425,105,63.3,20.2,0.0075,,
0.851,106,64.3,20.2,0.0075,,
0.8595,107,65.3,20.2,0.0075,,
0.867,108,66.2,20.2,0.0075,,
0.8755,109,67.2,20.2,0.0075,,
0.884,110,68.2,20.2,0.0075,,
0.8925,111,69.3,20.2,0.0075,,
0.901,112,70.3,20.2,0.0075,,
0.9095,113,71.5,20.2,0.0075,,
0.917,114,72.4,20.2,0.007,,
0.9255,115,73.5,20.2,0.0075,,
0.9335,116,74.6,20.2,0.0075,,
0.942,117,75.6,20.2,0.0075,,
0.9505,118,76.9,20.2,0.0075,,
0.959,119,78.1,20.2,0.0075,,
0.9665,120,79,20.2,0.007,,
0.975,121,80.3,20.2,0.0075,,
0.9835,122,81.6,20.2,0.0075,,
0.992,123,82.8,20.2,0.0075,,
1.0005,124,84.1,20.2,0.0075,,
1.0085,125,85.3,20.2,0.008,,
1.0165,126,86.8,20.2,0.0075,,
1.0245,127,88.4,20.2,0.0075,,
1.033,128,89.9,20.2,0.0075,,
1.0415,129,91.6,20.2,0.0075,,
1.05,130,93.3,20.2,0.0075,,
1.0585,131,95,20.2,0.0085,,
1.066,132,96.5,20.2,0.007,,
1.0745,133,98.1,20.2,0.0075,,
1.083,134,100,20.2,0.0075,,
1.091,135,102.1,20.2,0.0075,,
1.0995,136,104.3,20.2,0.0075,,
1.108,137,106,20.2,0.0085,,
1.1155,138,108.6,20.2,0.007,,
1.124,139,111.2,20.2,0.0075,,
1.1325,140,113.7,20.2,0.0075,,
1.141,141,116.4,20.2,0.0075,,
1.1495,142,119.3,20.2,0.0075,,
1.1575,143,122.3,20.2,0.0075,,
1.1655,144,125.7,20.2,0.0075,,
1.1735,145,128.9,20.2,0.0075,,
1.182,146,132.2,20.2,0.0075,,
1.1905,147,136,20.2,0.0075,,
1.199,148,140,20.2,0.0075,,
1.2075,149,143.7,20.2,0.0075,,
1.215,150,147,20.2,0.007,,
1.2235,151,150.7,20.2,0.0075,,
1.232,152,154.6,20.2,0.0075,,
1.24,153,158.4,20.2,0.0075,,
1.2485,154,161.5,20.2,0.0075,,
1.257,155,164.8,20.2,0.0075,,
1.2645,156,167.3,20.2,0.007,,
1.273,157,170,20.2,0.0075,,
1.2815,158,172.5,20.2,0.0075,,
1.29,159,174.8,20.2,0.0075,,
1.2985,160,177,20.2,0.0075,,
1.307,161,178.8,20.2,0.0085,,
1.3145,162,180.8,20.2,0.007,,
1.323,163,182.4,20.2,0.0075,,
1.331,164,184.3,20.2,0.0075,,
1.3375,165,185,20.2,0.007,,
1.3375,405,190,20.3,0,,
1.338,406,190,20.3,0.0005,,
1.3395,407,190,20.3,0.0015,,
1.342,408,190.1,20.3,0.0025,,
1.346,409,190.5,20.3,0.0035,,
1.3525,410,191.1,20.3,0.006,,
1.361,411,191.9,20.3,0.0085,,
1.3685,412,192.9,20.3,0.0075,,
1.377,413,193.8,20.3,0.0075,,
1.3855,414,195,20.3,0.0075,,
1.394,415,196,20.3,0.0075,,
1.4025,416,197,20.3,0.0075,,
1.41,417,197.8,20.3,0.0075,,
1.418,418,198.9,20.3,0.008,,
1.4265,419,199.7,20.3,0.0085,,
1.435,420,200.5,20.3,0.0075,,
1.4435,421,201.4,20.3,0.0075,,
1.452,422,202.2,20.3,0.0075,,
1.4595,423,203,20.3,0.0075,,
1.468,424,203.8,20.3,0.0085,,
1.4765,425,204.5,20.3,0.0085,,
1.485,426,205.2,20.3,0.0075,,
1.493,427,206,20.3,0.0075,,
1.5015,428,206.6,20.3,0.0075,,
1.509,429,207.2,20.3,0.0075,,
1.5175,430,207.9,20.3,0.0085,,
1.526,431,208.6,20.3,0.0085,,
1.5345,432,209.3,20.3,0.0075,,
1.543,433,209.8,20.3,0.0075,,
1.5515,434,210.4,20.4,0.0075,,
1.559,435,210.9,20.3,0.0075,,
1.5675,436,211.5,20.4,0.0085,,
1.5755,437,212.1,20.3,0.008,,
1.584,438,212.6,20.3,0.0075,,
1.5925,439,213.1,20.4,0.0075,,
1.601,440,213.6,20.4,0.0075,,
1.6085,441,214.1,20.3,0.0075,,
1.617,442,214.7,20.4,0.0085,,
1.6255,443,215.2,20.4,0.0085,,
1.634,444,215.6,20.4,0.0075,,
1.6425,445,216,20.4,0.0075,,
1.6505,446,216.6,20.4,0.0075,,
1.6585,447,217,20.4,0.008,,
1.6665,448,217.5,20.4,0.008,,
1.675,449,217.9,20.4,0.0085,,
1.6835,450,218.3,20.4,0.0075,,
1.692,451,218.7,20.4,0.0075,,
1.7005,452,219.2,20.4,0.0075,,
1.708,453,219.5,20.4,0.0075,,
1.7165,454,219.9,20.4,0.0085,,
1.725,455,220.4,20.4,0.0085,,
1.733,456,220.8,20.4,0.0075,,
1.7415,457,221.2,20.4,0.0075,,
1.75,458,221.5,20.4,0.0075,,
1.7575,459,221.9,20.4,0.0075,,
1.766,460,222.3,20.4,0.0085,,
1.7745,461,222.7,20.4,0.0085,,
1.783,462,223,20.4,0.0075,,
1.7915,463,223.3,20.4,0.0075,,
1.8,464,223.7,20.4,0.0085,,
1.8075,465,224,20.4,0.0075,,
1.816,466,224.4,20.4,0.0085,,
1.824,467,224.8,20.4,0.0075,,
1.8325,468,225,20.4,0.0075,,
1.841,469,225.4,20.4,0.0075,,
1.8485,470,225.7,20.4,0.0075,,
1.857,471,226,20.4,0.0085,,
1.8655,472,226.3,20.4,0.0085,,
1.874,473,226.6,20.4,0.0075,,
1.8825,474,226.9,20.4,0.0075,,
1.891,475,227.2,20.4,0.0075,,
1.8985,476,227.6,20.4,0.0075,,
1.907,477,227.8,20.4,0.0085,,
1.915,478,228.1,20.4,0.008,,
1.9235,479,228.4,20.4,0.0075,,
1.932,480,228.7,20.4,0.0075,,
1.9405,481,229,20.4,0.0075,,
1.948,482,229.3,20.4,0.0075,,
1.9565,483,229.5,20.4,0.0085,,
1.965,484,229.9,20.4,0.0085,,
1.9735,485,230.1,20.4,0.0075,,
1.9815,486,230.4,20.4,0.0075,,
1.99,487,230.7,20.4,0.0075,,
1.9975,488,230.8,20.4,0.0075,,
2.006,489,231.2,20.4,0.0085,,
2.0145,490,231.4,20.4,0.0085,,
2.023,491,231.7,20.4,0.0075,,
2.0315,492,231.9,20.4,0.0075,,
2.04,493,232.1,20.4,0.0075,,
2.0475,494,232.4,20.4,0.0075,,
2.056,495,232.6,20.4,0.0085,,
2.064,496,232.9,20.4,0.008,,
2.0725,497,233.1,20.4,0.0075,,
2.081,498,233.4,20.4,0.0075,,
2.0895,499,233.6,20.4,0.0075,,
2.097,500,233.8,20.4,0.0075,,
2.1055,501,234,20.4,0.0085,,
2.113,502,234.3,20.4,0.0075,,
2.117,503,234.5,20.4,0.0035,,
2.1185,504,234.5,20.4,0.0015,,
